user_id,label,score,命中(超阈值),top3可疑位置(事件序号)
0xfa18edf75c103282eef8d0ce8c0e202e20641f15,0,-0.6493,0,13 14 18
0xb298242274894ce3eb9512752846f645c3f9819f,0,-0.3025,0,9 16 8
0xa84ba8a6043e59827704137776a829f955cfa0b9,0,0.5860,0,8 4 0
0x793cb6db3812be1efaf9decd457342cf11bde606,0,0.2251,0,129 130 165
0xda139836dd5e927f40405d9b67767bafdd6e3e67,0,-0.8008,0,3 1 12
0x4560b34a1899e09569841a416c298f164071430d,0,-0.5270,0,8 22 23
0x44a397e02ac6a16dec85be956a314edbb519803f,0,0.8344,0,140 144 92
0x20eedcfca964cf8b491b394018c2d094076a830f,0,0.8477,0,40 56 45
0x4c91feecdca6a3eb04bbb3a9598c9f3093d4d4c1,0,0.8860,0,1 0 14
0x0bfa10ad6edb8b11424d72bb2d2e83cae3343a14,0,-0.7987,0,4 5 6
0x76ab8405b80f3f68636c7a7c39587cb85f006647,0,0.3016,0,52 53 159
0x8b1319d33601aef3423b0e8b464f1484f50d505e,0,0.3628,0,6 0 9
0xb5bdd53424c8caea723fc94536e750acf90377ea,0,0.3594,0,1 0 2
0x63ab39a21606c6a4949a2dc75ccdd95c1a8a87a2,0,0.7646,0,3 8 1
0x0dddff5d17e1f20d4829727d916103bdbff56d49,0,-0.7863,0,14 16 18
0xb1d9d8aa4489f145a80798c843aef22a5dda9e24,0,-0.6017,0,10 11 9
0xf5c25657bf3f7f7717d1b59f8eec4087ca17eb3a,0,-0.6437,0,11 3 8
0x59abcb671f1057d3889b650f691c2667039638cf,0,0.6639,0,10 4 9
0xa6fcd58d300db4bc65f57c18fc6b6265ac05e95c,0,0.0616,0,13 32 16
0x008a23438c9a14075a1c4c21cd634d34deb81d07,0,-0.1568,0,6 13 2
0x5a0b5459d5b4d9a47cebb89c417f678f05dfd898,0,-0.7505,0,1 0 2
0xc2f78e735634c9f57c11d18748e2aae6cd508218,0,-0.7116,0,8 3 2
0x3e81b4ad0beee4466b4aeb152e4576ecff1195a2,0,0.5329,0,11 27 26
0x8f77293df4ab58beae531084bab5769d36a82bc8,0,0.8375,0,10 15 9
0x5b6fcab2c8ca0fc445eb5ad8aa4b51a028c0b964,0,-0.3267,0,3 0 1
0xba9631a45d0859459abac953ff76a81e5710a5b9,0,-0.5656,0,47 42 79
0xa82dfc4b86908dda17b0189fc04300d5f3516b0f,0,-0.0563,0,2 8 3
0xefa08fe57b1d56ddbf09d45a6a02d9f46acb69be,0,0.2463,0,16 0 7
0xc1b6e513b3d0b7baa341eea0a07d39b00c525abb,0,-0.7620,0,4 20 31
0xe67174da63c77273e92e4cb50355a91ac161506a,0,-0.7344,0,11 3 4
0xf0adf951e842cdcde4aabbd7d0bcd55321ae574f,0,-0.3104,0,9 10 8
0x8adb162bec3a14622c57daec23d62c9527e8f001,0,-0.5881,0,4 17 14
0x9433712e52166900f0c3c0ba6d5726bc562a39a8,0,0.4837,0,10 6 5
0xf50f263c6e15bb30cd4ca5bbff09e4602cf90319,0,-0.7752,0,9 8 4
0x36f60b553b66d63ccbf8d633223b57ea9ed95558,0,-0.1524,0,12 21 19
0xe80cd5b0f93f16d2051c5928fe2cf2b9f1b546aa,0,-0.3068,0,0 2 1
0x3cc53585f907c3d78b256810efcf2cecb23f4034,0,0.5403,0,3 1 0
0xdeff6e87f767311905106d19dd73db8993696bb9,0,-0.7123,0,6 5 9
0x64a31c2f28e194e670666711117314784fdc5c6c,0,-0.7515,0,1 8 4
0x50d6e0681119e1a3d2e5629b09964031bf049786,0,-0.5845,0,46 44 53
0xc4b92d1e8dea5ef96fdd31bb8f218be672fae315,0,-0.8358,0,4 1 2
0x1c2e88986e469ebaeade33a303aef946f7481e09,0,0.4887,0,13 16 14
0xe4c24bf516fcfd1f63c5c6ebce805ab65efd30b2,0,0.6886,0,7 5 2
0x453d2dc8a57f89de0b840840ea14cdeee171dba9,0,-0.1384,0,6 1 8
0xc2ae8fcf5c1c1c92a27fcd7ae414ae50e036582d,0,-0.4783,0,23 40 21
0xd80a761e8eb1a5668f8f428f07b8674d730e1176,0,-0.7393,0,3 16 7
0x643ddfe51c959098f80f0e4a42052ff1781bdbd1,0,0.3429,0,5 8 6
0x84b9bef9b68af10fcd5cda639087064ea880dc38,0,-0.7333,0,2 7 9
0x8d0eece9b165c02b58963fb6327689beba391e53,0,0.0713,0,10 19 3
0xff5537ffa2fd22ba764b06ae2c24f738c3675d71,0,0.4472,0,5 10 11
0xd5b37c9fa18f95c31538f12ce1939fa9f90c6cb4,0,0.0479,0,10 15 4
0xecd114c328eeb1ac027007d61303ec29d64c6106,0,0.5694,0,7 2 1
0x836848846b8aa9f95e7aab305bdef7fc1a15e92e,0,0.9658,0,6 5 0
0xc05a9024e46541d5298ea35a4b5a8946ff4c17c5,0,-0.4537,0,6 12 9
0x07d9fb22f98549af3a6773ce7cf9b7d89155cbcd,0,0.5416,0,1 21 14
0x053f7867f10d49b746ff931fc94cd5c51845ce34,0,-0.7973,0,14 12 1
0xb1647b8b3d011678010a1ff28492e174497624f6,0,-0.5369,0,7 8 16
0x5e83001984a9c392faae761af4935cfc47edc4b9,0,-0.8037,0,10 9 19
0x9fc2e2cf271dba228bd1ac52c93b3119a5b6ad29,0,0.5488,0,5 8 7
0x117400fd172ef544baa2f63c7c59902f69a77cc4,0,0.4972,0,25 26 0
0xc3dbabfa446f65f54d10c2b5ddc5c121c7d9f6be,0,0.7516,0,101 85 100
0xf9db46a83c2a14f4d481f5d7e9d3683cb42cfc3c,0,0.7802,0,160 130 32
0x76d214efd13600411c64d388f6e31737f14ef416,0,-0.6705,0,2 24 31
0x587ec2381c03404d5b89ae2c1c3b8c05d6a44003,0,0.8766,0,77 62 22
0x6b9d131ef654a58769ddddaa5f95be4af35c45ec,0,-0.6470,0,28 26 6
0xf4c317c356c22caa121462a81571a275276c52b9,0,-0.7506,0,12 1 5
0x4ed29c8fdd661aff62813c94c4e12ed6cf7f3919,0,-0.7558,0,12 3 8
0x68fb38560b39b4622ef729a95ebe63f4adabffd1,0,0.3076,0,11 15 25
0x9be98a23ecf71bc4cb0025deb660958bc02c27d2,0,0.0351,0,1 4 12
0xa032b6fa85464fa81cf0c100d3229a1031dc14b2,0,-0.6123,0,149 195 189
0x52bcd9935d88b5459a8c232faeb93354ba451442,0,-0.8489,0,12 1 10
0xc2c9ac3af97f0a9e9b461a62681ffbcaf9d82a63,0,-0.2946,0,10 22 5
0x7f96243fb705d5d5e018a680ade1013995992e2c,0,-0.1110,0,12 0 15
0x0be8ad0126db2b6f8f9f2033a415614946846446,0,0.4364,0,6 11 2
0x5305e5ba7a960384da8b37e77e04deb1a625c5ef,0,-0.6838,0,6 9 5
0xd92f497717eb2fd0fa16107e6ab34d647dceae08,0,-0.7393,0,1 2 7
0x58500d7ea6cfc8d8e132b8992317eb9e1926e57c,0,-0.7568,0,8 9 5
0xad09bf7a4298318c570dcba084211e06f6d1ea0e,0,0.7660,0,0 10 2
0x285532091713680153784bb94766eefec80a2a73,0,0.2922,0,8 16 5
0x4468dca9fce9f4c5b39851de46af225b7e24e11c,0,-0.3174,0,13 17 19
0x7584c993fafd102b40837a01fc018ee3fbccf6c4,0,-0.7465,0,17 10 8
0x211cb161b2dd0ef74d8a0aebf79571f58ee34a0a,0,-0.6005,0,1 4 9
0xde3ef395fadf0b15b570de0c06e813c2b4e87d78,0,-0.4284,0,20 0 1
0x1d9541b98d972d0cb795628314ba96a4a4e7f44c,0,-0.5242,0,0 9 5
0xb5afb9dbc0ace3b351d174dea59cbf5ef4b91771,0,-0.6258,0,1 0 20
0x0cd508759c0e4934cdff81b9cfea03713e0bbcbd,0,-0.1727,0,2 11 3
0x02afe127ef143dbe616ef87d6305f92f74968396,0,0.3044,0,6 15 20
0x81d54525032ad45eb0ae914f34e38a773799a180,0,-0.4178,0,5 4 0
0xc5fa4121d147f2263cdd184ee789fc2d76eb3595,0,-0.0733,0,9 3 6
0x15ce1c5219bfe5d103cff5013c2977035308d4aa,0,-0.6161,0,47 4 34
0x3e5a43812eb07520195162bf9f6eb7d3a65425d5,0,0.9389,0,10 3 1
0xc018f6a44e229d0189fbb795f1bc953fd5569b18,0,0.5396,0,7 1 8
0x935faa1389389ab7a8d7d1501388fcdd274df6f3,0,1.0624,0,69 70 91
0x64e2737a2f41efa5dadea9591c7ed8c68d415303,0,-0.7580,0,4 1 3
0x1fa692e56113b774d456ee75623420f6e251c0a1,0,-0.3021,0,3 4 1
0xfd6f1dfa614915d6187ff196eded7dc671bf5780,0,-0.6139,0,109 162 91
0x9cd863efaa8be584b74978867baeba49ff286f74,0,1.0781,0,28 94 93
0x40f44443858b1f0896b18c602fd233459e6a5393,0,0.5404,0,1 9 8
0x3be8042d9ab146e7b186f0e21acdfa2dc4f80883,0,-0.6097,0,51 37 52
0x79d94aae97baf2017c1cd39f3b406d60712d086f,0,-0.5213,0,10 16 17
0x0b59c683540c2e25d68f1fcd9d4e070acf20f4cb,0,-0.6310,0,109 125 107
0x924e4bbd8e8ca9939b803250952f52a00953e52d,0,0.7137,0,13 3 1
0x50b2c08d48668245d0623046540371216501b77e,0,-0.7952,0,6 2 8
0xe61d6211ae08a12492c93846f9f60f606f7f3612,0,0.6803,0,27 20 13
0xfe0b9529c17b4b177d0eeff7c1078b63f8957b3c,0,-0.7722,0,12 9 1
0x35f61dfb08ada13eba64bf156b80df3d5b3a738d,0,-0.0953,0,2 12 0
0x426e6dd8a887305230889975e03308ecbaddab66,0,-0.3660,0,24 16 0
0x67d165720f9fb3d65363b4bcc30d3e7873669760,0,-0.0523,0,2 1 0
0x1e2915a726bccd400d6724d8ee97279e2d66f97f,0,0.9457,0,11 9 3
0x575dfbaa37554c15b31ffdecc7ff517ee17e9a33,0,0.3774,0,19 23 10
0xc2d1f55ae3a930d4fc6222691ef3a2ef9dbef1f8,0,0.9769,0,47 120 27
0x1a7fe01f4195b183b37bdf3e4d3c9b1f31de34f9,0,0.0131,0,0 1 7
0x4dc778f4012837a0a2405f5a30a40b81a4a0f635,0,0.6962,0,9 2 8
0xa2a56e38b2799bc8e99f73ff7688abd65436d1db,0,-0.7570,0,4 6 13
0x6d885aba1385ec829dac0eb0c3f372cd802ce138,0,-0.4246,0,5 3 2
0xe874ce6e4da0ce312982c82f9c7a4ac86d86a6cc,0,-0.4387,0,2 10 6
0x4edd34eaf46497310f5299cc33f8cafb2c9b385d,0,1.3812,1,2 9 5
0xb232441d00d3eceebb6c662869eb1be3aa71b07f,0,0.3368,0,2 15 9
0xb11e5814c75bb07d25775985d0e7216615788c8f,0,0.4015,0,6 2 0
0x420d93623bfa542244196c569740c64e112e12c0,0,0.0768,0,20 8 14
0xfc6a1bfa590d2980a83e4028d75f96ba3c09cb43,0,0.9050,0,11 10 2
0x1668d11cd40a70ae2bad0b1164f3ae8473bb81cb,0,-0.7909,0,2 9 1
0xfef03b3a16f77529ac2a48d16073680d9792e4fd,0,0.8690,0,7 8 10
0xf50ec36729cceef4b22f5962b4045a50b8e3f0a7,0,-0.8053,0,5 19 23
0xc535006f8b192ad6af774331da3fbadc18061ddf,0,-0.5345,0,81 49 80
0xbc298d503658d6b7ac9fd370e7d04b50baa2cb74,0,-0.7961,0,2 1 8
0x701d131851d8358437c4e19dc768f607244307ff,0,-0.1550,0,6 5 0
0x1d8077c2620927f38053058978cbe5470eac8f78,0,-0.2266,0,24 23 20
0xbb00ae2a51399c9982e68cce6573a9f9936536b1,0,0.9111,0,0 12 5
0xe91e35bbbe0858d83e806192a100f042025bd68b,0,0.5796,0,2 5 15
0x9b466b5dbe7030f259b6c77c8209329a74807574,0,0.9196,0,36 19 20
0xd80d6b1c320ef4bc7bb93adc20567803a8579e9d,0,0.1622,0,3 7 6
0x8d3b02a7bcc0dff60709a38d15d32813e95138a8,0,0.6765,0,44 13 38
0x9d1a419283dad6a6bfaacf2352a60131115ff854,0,-0.5323,0,3 4 8
0xd626035d6825e6528ffb0bd50a9f6218b2f21f7f,0,-0.3366,0,29 30 28
0x1d5a98162a497cd204948bc5e00e98b44abc7cd4,0,-0.7917,0,3 27 26
0xf06ae8a5e3aa14a341dcfdc374a2d6752fdda74e,0,0.9014,0,0 8 11
0xc11a18f3f2f5d642eb85f15e284e0691125aec51,0,-0.4573,0,62 61 23
0x6cf531479deae1ea261ddab2e739c253f7d4916b,0,-0.2620,0,10 0 1
0xbacaa13fd0ede8f49a5488fbe6df3770183f0362,0,-0.4476,0,1 0 2
0x28fee52c0b28ab6bda24e201a197a94cd464eaa8,0,0.4105,0,13 5 8
0x197f2e1609be68f4b4f3abe132e44d311fcc1629,0,-0.5925,0,9 16 13
0x1417d00a180ed3227b233b07b83f3cb85011bf50,0,0.8497,0,103 104 64
0xb4555e48bde6b7ca3d68ecefd4d0b3cd914cf3eb,0,0.7114,0,14 1 13
0xb0153aca2e1a162f5be062c5854942daa062c7c7,0,-0.8099,0,36 25 69
0x0a4e070b9601d84e966aec7a0d35cb499ee5ab2a,0,-0.7874,0,3 1 5
0x09181c0657e7e9d0fa615dabb4db9323d67a018a,0,0.2078,0,76 97 59
0x75da048d5ef49a7010ec02274e3cc3c358494748,0,-0.7662,0,11 8 6
0x223fbcdc59e6c21a072263a960e9b0d077c59bdc,0,-0.7605,0,25 10 13
0xc153f847d9277669151c2bc6b8fb6daa5f5a045b,0,0.5126,0,19 34 14
0xe0646a421a19d5e6eee9e0ad0e1da1cc7323c960,0,-0.7666,0,12 11 10
0xbb28667d0deb69d39adf659e9c3deebaa5152800,0,-0.7518,0,4 7 12
0xbd2c44b376b4209e81812cce56a09631b4337e82,0,-0.5993,0,9 8 20
0xfaecd0c610542c5614a3cb5e7a57a2f6218f7954,0,-0.7718,0,16 21 23
0x603a75e3023e61bc29826c36fe0df3f5a6a87127,0,-0.7284,0,7 10 11
0x246050f86cdd5b01d6b9250f6fe3d278c20d73df,0,0.5131,0,4 2 0
0x35d10cadd73ff61a022d21976fb50e0031b831bf,0,-0.7936,0,25 30 1
0xb499a2609ffd1c813047b84ff2de849c083ac5d3,0,-0.7311,0,2 7 8
0xfc7d75b3f49c2655554d1f25317482dc649baf56,0,-0.5610,0,4 16 5
0x6db7424be3298b0081af4e698f828c57b68f4a2b,0,0.2678,0,5 0 6
0xb0ae48bfb603c6304c3cf776a7e973ae88f904ed,0,-0.7661,0,6 8 9
0x1b2af64584054f947c3ffccc12a41652369f7834,0,0.0197,0,3 9 7
0x82826cd0c18b148e591455fd8f6d47453f63442f,0,0.5896,0,9 2 11
0xd9207545b2f5aa1e9d49b950bb66f9eb098e027e,0,-0.4811,0,5 4 2
0xa636521869771ff8c6a719471ce636aebb0ca58a,0,1.0168,0,4 1 18
0xb2021a91d087e36d8c165b4b87a45fae40e29d39,0,0.2248,0,17 5 1
0x5d268508179db4da44de9057792758bff280e3ed,0,0.8408,0,11 0 19
0x96c3f4dfa70baf5404e5257c3a1ed861c249560e,0,-0.7923,0,34 17 32
0xaeec6d51dea3111e298254f61d31363126b59bd6,0,-0.7569,0,15 13 1
0x25ad159a960fe0f6147b7c620d1ff77af26fa319,0,1.1314,0,11 8 42
0x312513eb291e7ddb5fb338ed122a307ccaed679f,0,-0.4363,0,3 2 1
0x9ab479431a80a74e0e83ecab887a84a7b18b6d8a,0,-0.7594,0,25 3 2
0x40ce5de038a68811edf4db5c174a845349870fc3,0,-0.1946,0,9 0 2
0x7ef51aa414a6ad55fdc689e9a5e3e3f241079daa,0,0.7049,0,4 11 5
0x0b3e515cb8b318120c5a126679eb945f2bb2ddea,0,1.0236,0,3 11 2
0xadc46d280b57549324edd54f78acdf7579cb031c,0,-0.0168,0,5 6 3
0xac26e3bfcc106f5e7afbe76f4b56c1e82e3cdd06,0,-0.6871,0,8 6 7
0x93d1cae950728efeadbafe21d6963f0db93ba96e,0,1.1731,0,14 6 13
0xd1413936f8af7773b076c8916fece9bebd1968ec,0,0.7678,0,10 3 6
0x2f9f5dd44922837a01f6459e91677db748cf9bfc,0,-0.5043,0,2 1 3
0x51c1375a90b01a43ebf73ad4db828421aefd03cd,0,-0.7309,0,8 13 11
0x967895b9b7bfc6f2635e96948585266327a7109c,0,-0.0678,0,15 14 11
0xe831f9061b447be7e9ba7db7814c660916135f46,0,-0.3826,0,0 1 2
0x06129490f7fd125d331c49931d6a765b6223e4ee,0,-0.7647,0,3 8 9
0xec60183b95b1f0d1b499ec43c3ded3b3fb01acc3,0,0.1973,0,2 1 0
0x8d949a57f4dc056588a5e68bded00de523413ed3,0,0.6333,0,3 6 0
0xc1f417ac76631ee9ca1d0ffc601d7443cc1023d9,0,0.2401,0,2 1 7
0x0a793973e0895cab02a8ab16e17b97d52ae62c72,0,0.1269,0,2 0 1
0xd6543826dec51a6d7a822027f2e8e194fb8a700d,0,0.5272,0,12 9 4
0x604eb5d4126e3318ec27721bd5059307684f5c89,0,0.1992,0,5 3 2
0xc8e6bc01dba63fb2278bde06ad36d96632692538,0,-0.0807,0,24 39 58
0x0b25a97a3aceeded13db1e75da11ec95eaf8c98e,0,-0.4948,0,3 5 6
0xa89283f25c1428c6cb8021694f00735007e797b2,0,-0.6668,0,19 17 34
0x568d2d116e47f8b8afd9b30f1b93463e6fb0d9c3,0,0.6710,0,16 8 26
0x510709d560f386d25f8eb7f525cf8bdde98a8890,0,-0.7770,0,1 3 8
0x91c6854a5b627e51789ab2bc3d77e4337f72b8d4,0,-0.8215,0,4 8 1
0x8da19702ec6123441899fb2753bd0073945e0c03,0,-0.7766,0,8 9 5
0xfe81ebee03b9761db5834d298a4c95d2973408fd,0,-0.7315,0,4 10 8
0x5bbcec93637550e97d68d36a55060d4b9bb74097,0,1.0659,0,0 6 1
0x337c72ded937aed2dfc0d8c5d1e0cb6a006af34b,0,-0.7935,0,8 1 9
0x5a7cec50c03c6619a9fd47107e119d677291793e,0,0.4789,0,10 7 4
0x04413b07323963ae1af04d0c99be872bc4554471,0,0.3471,0,3 8 2
0x45857089358bc54891067319e8c0b60a5a552bfe,0,0.0790,0,8 2 1
0xc489eab7b17f5c38ed481856badcd4fc354a6e50,0,-0.8049,0,5 9 7
0x1ec2dee0c8a5ec072cf8cdbf90edee1d8492f3e1,0,-0.2511,0,15 4 0
0x0dca356c1b4ef0db650bc37ee28e84823ee0dfa1,0,-0.7528,0,14 15 1
0xf0a7a3aef8efe2bbc396287ddaee76a4efcd2ebc,0,-0.3797,0,12 14 13
0x7e2e982c28a73eb202254d5e0f0ba0a2408e8665,0,0.1554,0,133 159 145
0xa43d494251fc0b2f3f86df775df1e7ca1da25b25,0,-0.0265,0,8 12 0
0x797f802edb5dd7ef162d1c0c22987f3fbc45b0ce,0,0.7277,0,6 3 9
0x6b5120d8d1885c900dbdf76898f6ba01d197b2d3,0,-0.7762,0,16 2 12
0xc1c7dcbaaf3f5dbe908c0cf4e1fdf12b34b25c1f,0,0.7426,0,1 7 5
0xe4904748c747aac8b97f80397db2f7fea8ce942a,0,-0.5890,0,5 4 6
0x85969ecebdf416a10d8939ae67b237ab93e42f49,0,-0.7657,0,6 9 12
0x6c5a2d2b251b0b99a395e7921aef1d23e30281fb,0,-0.2021,0,18 22 16
0x589a57f1c829a5449822d646d7f239ef6904e2f0,0,-0.4738,0,7 9 2
0x29f0899f3ed81fc3a66b981428460b2d067a8e5a,0,0.9402,0,1 8 10
0x760f539e9bae2022648a3f5b640d5199b48ca42a,0,-0.1661,0,1 10 15
0x1e52c1e5226d092a94b464cfc58a13301a173eac,0,-0.3449,0,5 4 1
0x575a715531b286ed4f958b64405dd92528ed6aa1,0,-0.7656,0,5 1 9
0x4d5008add8eac12ab6182e7de8a8ec29a792ba1a,0,-0.6699,0,9 3 8
0x72aa408393154d34fc789d03d22c9feb5e9fe32b,0,0.8623,0,184 31 29
0x57681ff8ab9eadb753d17fa17414661631638d48,0,-0.5880,0,12 9 4
0x4e99994c94e9687abd35588808213b5ff0cc1b2c,0,0.9602,0,14 11 5
0x4534ea0b2b09f1a7b550a8c60626f9da29ad5a15,0,1.0503,0,1 7 10
0xefaaf11522e77e5b98217fa22202af188b3d8b9b,0,0.3824,0,12 3 7
0xe5db5228245ac45f6ed463cbca7e5d48898d5ec3,0,0.8065,0,14 21 31
0x007c7fde27c67e78d1f7e29216f5694e44c3e18a,0,-0.5200,0,14 13 12
0xe9336903d3eedf60c49f391ab04e992ac1f3e315,0,-0.4268,0,6 7 5
0xf54ffd98cb91686af5303f0673c25e249f73f26a,0,-0.7465,0,10 12 9
0x50b5be665f52db86bbfcbca96df8c7061343fb68,0,0.3584,0,5 4 9
0x378eed56e1af43fa2170ba401aca2681033f2e8f,0,-0.6859,0,3 10 7
0xa5ec5771a841f299c8100c6c9f0cd38a0cfaba16,0,0.6650,0,3 10 8
0xc35c5a36a2afc4d0dd50551a32fc8f35c7b6417f,0,0.2872,0,2 0 1
0x5e0a3ecce3c880d61d0093b7e88690cd00904fd7,0,-0.7809,0,1 5 2
0xaab2eee79a64f93b4ff96f98657641ca00f23618,0,0.9921,0,2 0 8
0xa8908c4892f855b003dd103b6114aae0078a1f8b,0,-0.5686,0,109 118 125
0xd2ad99e18a7b4e1114600995a02820fa8a29b47e,0,-0.7719,0,3 8 5
0x3c9182740803b64324d4dcd2b2b0f7c6bfd319ec,0,-0.7150,0,4 10 9
0xa59d067610e62d1781bbe3bb7742bda422cb4650,0,-0.2533,0,6 0 2
0xc88c7d1a0848f903275541099c6c6f01bdedecc0,0,-0.8134,0,9 8 4
0x5c1a1c16c3e35271b4d0b56b0ab423e7a76e7fd5,0,0.1924,0,6 2 4
0x5409dd04d1b44d854a935a44414139711e1f5940,0,-0.8334,0,3 1 2
0x018ce202a3a9cb0a387d7011d9e6e264778f84d5,0,0.5005,0,11 12 7
0x4d6ae6e909e3b6838e47bcc3a1a51e1267c8f7ed,0,-0.5831,0,13 2 1
0x5b58770bb4d5795a5563d8607115ff4b51112096,0,0.1932,0,9 16 1
0x56075be0fccd0845b0b62280e06a78aa02c2c353,0,-0.5424,0,1 0 2
0xb65c14540a57e7eaf0303c6040bcfa096ea5df12,0,-0.0942,0,18 12 4
0xa8c61c6ca38b794d1889939d6a43bbaa544759af,0,-0.7838,0,2 7 8
0x899ac704f8bf0c3419d2416abc75f53b569da72f,0,-0.6506,0,0 2 17
0x6b2744f57039b78bd8901a79c218bd6ac1fb0707,0,0.2128,0,65 68 64
0x25085748fb55aac35bb573de836f081277bea15d,0,-0.7423,0,8 3 6
0x982871e0dbaf78e3baf947ffc714cb186068c4bb,0,-0.7882,0,3 4 2
0x45e6b7db99352dfa36842f701314ec3c275bbd2d,0,-0.7747,0,8 1 5
0x033383aef43e92511deeaf14f89e629ca5a928ee,0,-0.1785,0,1 0 12
0xca887f1affec4670da37bdf2a8bdb32d706634f4,0,-0.6959,0,0 1 8
0x51d0fefea4f9ad302a2c176c6a68b8348db2ea06,0,-0.7866,0,5 11 2
0xba862824a3f5202a04a7ae6d7c9efa6b7b6c3f38,0,-0.8277,0,3 1 8
0xf43bdae3bc4940204502922327b821126268f869,0,-0.6584,0,7 20 24
0x8c2caaf0766018c2379228d110157ff36c350e15,0,-0.6039,0,4 18 11
0xad2c6c37b240f88b60e22c2f4a987aa843666d60,0,-0.7544,0,5 24 6
0x204bb853c54d83f199f257d6e3bdbc380dcd34aa,0,-0.2355,0,60 23 51
0x9266355756cf5c5d0aa41df29ed7c347439f235a,0,0.6771,0,44 61 19
0xa0945daf5313e7878763598a7975e8a86c45b129,0,-0.6580,0,24 28 20
0x9b0b876679e6076cf8005fdc68fa10355509b8e4,0,-0.2247,0,1 0 3
0xdb685e47b1c360d0c6d60e780dc904f6dd9c4491,0,-0.7909,0,16 4 18
0x40b3ee0567df89dcb7c1bc1fc105b2dab43dd456,0,0.0948,0,4 3 2
0x47f7e2ff5c0fa6f8704079b119d37efa355345da,0,-0.5508,0,0 1 3
0x77a065f85d21abbf5980a827a1d7e481ff81c878,0,-0.2785,0,33 37 38
0xc91392ed3da2fae381b7b20097abee2a0776aa8f,0,0.9979,0,42 17 28
0x75caf2c1dada20e4e2453ff9314983235216ffe4,0,-0.7650,0,10 9 8
0x40a5dac336791b4dd83583c59d89faf9b2258914,0,-0.7566,0,3 14 9
0xfa6572c369df62c2a8c7ba8743a58dc6ee35ea61,0,1.2613,0,33 15 78
0x578131bc85ba244eb67d10d25824b51b214f3178,0,1.2117,0,1 10 7
0xcd35f1486b8c4d020def1ea95619810f65fac3c4,0,-0.1798,0,1 17 2
0xbe81eae0166a3ade2a4b3e8554fea41a24bf1391,0,0.8303,0,7 0 8
0xd62559e4894f9148551770ad43169e2a42ab6707,0,0.5062,0,4 13 20
0xbb1d71e398a950ecffbb9090aa712aa6be07dfeb,0,-0.7758,0,10 1 3
0xfdbb09de89aff528c229020c18c5c368a14d79c7,0,0.5527,0,24 20 15
0xbccc0a54d304b75b8631f1ab10e56310891ad550,0,0.1135,0,10 2 0
0x4b4325b3774974abb96bd19f2f264ac6005b6955,0,-0.1054,0,47 43 25
0xabd252cfbae138043e4fb5e667b489710964d572,0,-0.2935,0,38 40 15
0x14a6af292a37566833cdc5849b0ae11020fea65b,0,-0.2104,0,11 12 0
0xd515cfbe2c848bc9daa5460dae52425bff54e4c0,0,-0.7199,0,25 24 9
0x23c5f33eedd5deb772dc14c1283b436f923326a9,0,-0.6945,0,28 11 26
0x0cec3c8160fe8b64b7c28daae04041935396c879,0,0.5636,0,6 11 12
0xf55fceff09d7aa09a265249ba3bc4f13fec60f4c,0,0.8340,0,3 8 1
0xf94a96f356b7a002e20fc3991771adea234d4155,0,0.7235,0,17 8 3
0x5ba66da25e3365eec1314c95eb78a047692a5bd1,0,-0.7571,0,19 20 18
0xd688b4376fa65adbe5963103060d096f67ab6048,0,-0.6356,0,3 5 10
0x2a6f6e5bf98712346feea07de66369c906dcb880,0,-0.7681,0,6 8 2
0x1c369ff766155049bbddd5e0e34188579e9eb555,0,-0.4415,0,2 1 0
0x35b68a03955ff0e4b66c138a73f99dcc2fe26d9c,0,-0.2767,0,12 19 17
0x0a1a513275009c24901746fd395e2c41c671a1a7,0,0.7153,0,4 16 0
0xcf8edaba6fb4cb9c44c2264f32a58a97d046f2ae,0,0.8558,0,3 9 0
0xa5f6fef8c3645c510cb5325f23b0798a7d0f0665,0,0.1296,0,2 1 3
0x461152985027ad0fa35f21b550546561e5f9714e,0,-0.7217,0,8 3 1
0x3248f710df2ab558070fd90aeefa8a96c5a63d32,0,0.7183,0,6 5 8
0xedaeaf277ff13dad39e152cfe25c0ee16723bd8c,0,-0.8132,0,2 11 12
0xafb6e3eee468cda54b8a54a983b9a6261ff40398,0,0.4770,0,9 7 2
0x8894aa1929d8820053e9d4c8ed69f2879c29251d,0,0.4384,0,14 18 45
0xcdb499f2373d433442872b32fa923490150cc5de,0,-0.7104,0,4 1 2
0xe58cf79565f818359ddaead77a491b78c4c35bb3,0,0.8695,0,5 2 6
0x287722a96e2f7f89e71b1bacaea8bf5f3c1795ad,0,0.3197,0,25 5 12
0x27196a904404fa2a2ac494ae9adada86d2ef0246,0,-0.6409,0,7 3 6
0x7bc50d3ceac5d346982ae4579dc4e7936e5a69ba,0,-0.7572,0,15 22 3
0xe8c2476b2bda6ea88a17bd7626572bc30ae34de7,0,0.3153,0,16 10 21
0x999967e2ec8a74b7c8e9db19e039d920b31d39d0,0,-0.7829,0,119 181 26
0xc83fcb52bb592e0f8c20ff1df20e669c1396d95f,0,-0.7753,0,1 8 5
0xb38c4b13b834aa497595b04a08bb8029e72aba17,0,0.3957,0,10 0 1
0x6edd6307fdceb6bfaf8d09499af86f91311a5683,0,1.2731,1,5 9 12
0x5f0225270cfccd4b5463f3860608cc0cdfae582d,0,-0.7644,0,16 19 1
0x7467524375e35a995d5bda2b69080ab3ba8a17cc,0,-0.8010,0,8 3 9
0x86055463e75b3f301c9e2eb96176d7c4148b79a4,0,-0.7664,0,11 2 1
0x1e6f85cc585216590021553b762ca7ec530fc0f8,0,0.0931,0,5 3 4
0xe7b618756346028abc25defda372ba37b21a9ab4,0,-0.7669,0,2 12 10
0xfa2c46f19212d1b8141e5fa57aeb1a5e2472ceb7,0,0.0410,0,25 17 24
0xc6320c381250af2131a9e2e8707a3541f866a0b7,0,-0.0155,0,43 38 51
0xa35f6a0e6d4c5732cbcca43532891b159098b9fb,0,0.9561,0,3 5 2
0x0c9fe4966e78150900bafc58731e1c51d91d41dc,0,0.2427,0,39 62 67
0x877772b97739a257714415f23314a993eae0d202,0,0.1686,0,14 35 6
0xfaf4a8dc0dc9ea0066209105c74428a931e9a6cb,0,0.3958,0,0 4 9
0x75206f22520eeabd93f98e1eb31dd14bbacfb6c7,0,-0.7098,0,12 13 19
0x76c8ef5fbb313fe6d3c63ca4d66fbd73857d168b,0,-0.4008,0,1 0 3
0x127497bc7c61b7f681dc083ca03721d9dc7ab89f,0,-0.2762,0,10 19 18
0x6c827805debb0e23ac8427bee75d122e02ce7f09,0,-0.2993,0,1 0 3
0xd691061f636a0d68e750112578c9df4230e1cc49,0,-0.7501,0,3 1 8
0xdf4f5355f84f898ccb23fbf31cc3b01ddd79ae1b,0,0.2849,0,32 33 42
0x14738fa039462c060edfba9edb11a0be18d31a8c,0,1.0461,0,36 6 7
0x1850363833e923c99e555710f889716c5bb46bb1,0,-0.3645,0,15 14 13
0x65db93f81e93838cee30e9d1ece095193be624e9,0,-0.8177,0,3 1 6
0x6c2528b4e859d7215034980c399ae53104a7f7ce,0,-0.3429,0,4 9 3
0x6ae299f97c1a2c05ac17e2861708ad57b1a6546e,0,-0.7602,0,4 11 16
0x86e8caa2cecd0c6b959e5b2640d44c9da35e3fd1,0,0.4461,0,2 9 3
0x8ca81dc4327b368f0c913cc29728eed9d779199d,0,-0.4287,0,18 10 11
0x9276c85c1fc6e8a20e0d8b3627865c65adda6f6a,0,-0.8277,0,2 9 3
0x871610850f78f635e55db167bbfdf0240c83c3c8,0,0.0974,0,11 12 1
0xece14d2d039c247497fb80181f676ea82f7ae4e4,0,-0.1000,0,7 8 10
0x576a5218dc33ba46cf4dac198c8c3084e50fd06d,0,-0.6160,0,10 27 26
0x22c843dc76899a8d06d8580785d814bb9d1aafd8,0,-0.7600,0,5 13 19
0xdae90d3adeba0182ad48254aec2517010d682b04,0,-0.7940,0,6 10 8
0x3e7575b7091925b90acbc957f430e10eab516b3c,0,-0.7864,0,12 13 2
0x0c329a8b0cb091726552a00d99f4b143c60d022d,0,-0.1604,0,1 0 2
0xc057ef0bd82f6614fd657265e69632173aacc51c,0,0.1765,0,9 8 1
0xa04da975adc842b37525ae64184e4707b16a1060,0,0.1992,0,4 8 9
0x548af0c56af0a619fa51f962f9062a1c597a6df1,0,-0.8110,0,7 10 3
0xc6ed810fa4a110097c3917c74885687688a7a5e0,0,0.3546,0,5 83 88
0x1055b1cb474c4dda3d666b321acf371de7d438f3,0,-0.4449,0,3 2 4
0x5702edf2eb8df6fc5234fa8ec0380ba6bb405960,0,-0.7632,0,2 7 10
0x20d2d1d92233ced350436fe761c35059e4950654,0,0.2675,0,18 0 17
0xcb394f35ccf4313cc691909a3e1ca22ef3142a66,0,-0.2372,0,14 12 9
0x9271bd12540786b04c4409657d8fe4aab9087488,0,0.2450,0,2 0 1
0x4d839e06dc8c1ee212f8e0e8d68d93cd68ba42eb,0,0.4678,0,10 5 4
0x8541130f6d9be4983b336e5112ac1f48b583810a,0,0.9481,0,23 21 26
0xc73ae66ff9e3f413a56bc442296a49ce993f517d,0,0.7384,0,27 25 7
0xe6f2b6dcba19ad322874edd17430a8ce7d4c3c0f,0,0.1856,0,9 12 14
0x2a26d62eaacfe7f42ffca5cf4ba62564e02af0c4,0,0.3220,0,9 11 5
0x3a6e39253b01bdb1242766d71e4c5e9d7d36cd40,0,0.2914,0,1 9 8
0x2f2992b8aa94edfceb66003e2f7d7a2e3a0a043a,0,-0.8628,0,8 3 4
0xa3c01f497c6473662a7da6d2181d83a98c2d40f7,0,-0.7309,0,1 8 10
0x2a6e8d6b3ffd2adec4be107ee2b45abed93ee37f,0,0.2838,0,4 5 1
0xe662f19db9ea9bb15640dfbfe2c8a11ee6e95864,0,0.5465,0,20 11 39
0xdca041d0505899f117b730917ac4e946ca614c9b,0,0.0228,0,19 2 4
0x7a31b2be366962a2416dab597d65558c29565361,0,0.9902,0,0 7 2
0x9ce8d40314256493740863e064352d93b615cbd5,0,-0.4101,0,5 4 7
0x48f795ce64f23ef9be13ab29cf4238965a030e1d,0,-0.3018,0,11 2 6
0x8d9b478c554f9687459f3c3255da7669afeb7115,0,-0.1049,0,5 9 3
0x2f3030464aa543eb2cd679381679ad825feeb222,0,-0.0246,0,60 48 67
0x5cac737c2a8d0732107e17e385839dc7ad043faf,0,-0.7356,0,7 4 1
0x235a5379b3e800d9daed9e032031ad7175616142,0,-0.7524,0,9 71 6
0xc9eb1d0ac799d9393b5f829949818036eb48b533,0,-0.7766,0,8 4 6
0x6c7749fcf6466244c5a85e3e64488693ccd9e6d1,0,-0.7473,0,4 12 10
0x33e3fceb39c8c3deaa11f30c1f561d7f4dc6b4cb,0,-0.7223,0,3 10 1
0xa744d65a1447cd2c30402b43f4a7144599395659,0,0.4308,0,11 6 4
0x40652360d6716dc55cf9aab21f3482f816cc2cbd,0,-0.8290,0,2 1 5
0x30836eb274707d5a77ab5925d49269aae7167a57,0,-0.6865,0,36 24 45
0xf346b7f9445003ab800181f2294027cea3291333,0,-0.0171,0,16 7 11
0xc743f16786ee1b090152aac8e7c16ec30c7e3146,0,-0.5315,0,1 0 2
0x2598546c48cfd7ec0c329388951baa908833378a,0,-0.3558,0,1 0 2
0xc9ebce8e3ddaac28f12ef537c704112e2eae3f2d,0,0.9620,0,15 9 2
0xec286f8be15c3acbcb9eda7a5c4393fd18f44bba,0,-0.4125,0,32 18 34
0x4b541601b98f08fc7f495152f33b2d954fa183be,0,-0.3199,0,0 8 21
0xe067f7df8d1a2418fc84ff2d1c76a115876bdbef,0,0.5912,0,9 7 2
0x375a9f7a72f5549351efb9f803adbcbc9b0a8c41,0,-0.6274,0,46 118 98
0xaf21aadc4e47499bbb95a3fb36f28f3adee80272,0,0.2234,0,44 28 31
0xb86501f990396746ebe01b37566d1965102e149e,0,-0.6176,0,109 118 42
0x19848bde98107d72795bf5415fa70d3f483eea36,0,0.7973,0,33 56 90
0xd4c13c6ce9f028582d1646f8a3be591f242cb49b,0,-0.7667,0,10 3 2
0xa0faa58e05f32d11637005f342b58f2f3e30ffb8,0,-0.2422,0,25 26 3
0xb1fe5d0f4c2c162ad2c7953c7da5b456d37a6379,0,0.8274,0,42 29 6
0x167cb3f2446f829eb327344b66e271d1a7efec9a,0,0.7165,0,31 17 29
0x30100b6233d1ed795b2fee3c9b38f3b7c04ca284,0,-0.1934,0,6 4 5
0xe9ffb4d213d9f8367d1827de275a63e59a53db0d,0,-0.6449,0,11 4 3
0x355f3d207f44470d4b3cbf41987c70226fb91fbf,0,0.3589,0,12 1 11
0xd8a83b72377476d0a66683cde20a8aad0b628713,0,0.7604,0,0 5 3
0x761fa7864d8158748fbd8f9c8918654805c377c9,0,-0.4094,0,3 0 1
0x824a83c543f6d5be602b7a88c18ec90b7dece9b8,0,-0.4016,0,21 0 8
0x71928451a7d128e954f1d8cc7423c1544f3cfdd7,0,-0.1333,0,10 0 2
0x4022ced7511440480311cc4813fb38925e4dc40b,0,-0.7927,0,8 7 3
0xf4dd8c9911469d5af22cfe2650a1f5ccd2ffac5f,0,0.3597,0,25 20 28
0x5ca942d8ba95771ef0f41ceea54d52ff8ee88640,0,-0.5171,0,0 3 7
0x7d35c5981bd2997a4386c5a58d9ef9f69bbe7d81,0,-0.8292,0,18 4 16
0x8d6e0a79003a9d49e68a6b82bbd497189f019905,0,-0.5846,0,16 1 15
0x566dcd0e7bfafab01ed29895f3045bc63d60adf8,0,-0.8182,0,11 12 9
0xccf161d5366052d2ea7fc56019b85c4ac00a7fdc,0,-0.7375,0,39 32 18
0x2f11877c93ebfc170e52b8ac124d90334f73d4d8,0,-0.8049,0,1 4 6
0x717f0cc11366818ba350aba9e7c7515ded8f8474,0,-0.7460,0,42 34 20
0x8964ce179098f23d85c37f88c73961e74c770f52,0,-0.7626,0,18 8 9
0xe43351bd6cdf6cb64b1dfde1464e98a0c403b631,0,-0.4077,0,11 10 12
0x7bfe6a1868139ead135ef90258b835e7b5a25c4c,0,0.4745,0,26 15 14
0x45744ee04d65c42b1dcb09455e8719417c3669c0,0,-0.1187,0,12 25 40
0x3015b1577a26fd2a8ea0b2ce018c1a7f570016ce,0,1.2190,0,7 1 2
0x11a6cba357101acb45cc9baf9ccb8898085ec92f,0,0.8816,0,35 57 58
0xb5adf1e14d0a9ec02cb46b6a98e5d136f6241b62,0,-0.1456,0,15 11 6
0x15a36a90fcf98a283a32cbd792928456440e42fa,0,-0.6029,0,3 4 12
0xdc5b35c5b33c91141f5fb50548613ca1936080ce,0,-0.7264,0,20 16 22
0x6ec721bd11078e668e1cac64695c86e8f25a9f47,0,-0.7925,0,3 26 6
0x609a1045a71700ef13e353ec8577000ba83d076f,0,-0.2068,0,1 11 16
0xec9d8fa7084bed82ed45171fb9f33ed8c723d162,0,-0.1888,0,23 12 9
0x72e77c9c17ca1c99bd9eb2f1011c752431625533,0,1.0623,0,183 133 129
0x87d01115b0163fd0b431074ca5767a01af9fa68c,0,0.2157,0,13 2 1
0xe61a63cbf37bdfcb36fc1b2c72c9fee4abbe8a97,0,0.8410,0,2 18 53
0xd879204370bbd4864b33c1aac6fe384fe447079d,0,1.0660,0,3 12 5
0xb44d289543717a3723cd47b2e9b71d3dd5ff68c5,0,-0.7863,0,1 4 3
0x5068b418433d55d7b5c83640ecda3155893679f7,0,-0.1603,0,40 22 25
0x27aaeff1a2e3c5e6a2d2deb1da18ce21617c18ab,0,0.4362,0,29 27 33
0xd6c2d7e03b7192b31b96d294f66d2120494376fd,0,0.9682,0,4 14 13
0x978816f2766013975db36736f19e267d16d1c1dd,0,0.1776,0,12 5 1
0xe6a780d0b825d4d9bca4160e27b9ae034e2dcdf0,0,-0.7255,0,10 4 1
0x2866cfe5d5c1d03abb0a46d5f5fc6ccfcbef2ac1,0,-0.8517,0,8 7 9
0xe15d0c8c584bd4d892ccf99a37855014d5a00967,0,0.1932,0,6 10 0
0x690c00d47549543babf8208a6f7990c2b212e93f,0,0.3713,0,21 9 15
0x4df0f9ed75891ed02b94fda8edf05a7b4b124d11,0,0.8688,0,5 8 9
0x8958260a0646e3d880b0371718c346bfd3687ef5,0,-0.7093,0,21 5 7
0x107ff6f3a9055ec23528c8b2b838c738e130c2bf,0,-0.7813,0,10 1 8
0x53ffb16b9d7de503a1db3911d6b0de35745aba2f,0,-0.5099,0,7 3 6
0xd0dc0a13118cfc1bdafc9fa4f7df679dfecb466a,0,-0.6416,0,0 1 4
0x25fdc1cf9bdbca193547452bd3f2bea63ce9b1b9,0,-0.7305,0,3 9 11
0x913af42cdd86b9081839a830277dafdd7a42eed8,0,0.5448,0,12 8 5
0xe9184c970bcfbb05d8a38762d073320e622a3e28,0,-0.8011,0,10 12 13
0x0affc6d691b2226e96083bfc9a456c3ba1dd1d75,0,0.8227,0,8 7 9
0x2c71849d1c46cfa72b3b8ae25b34d6ab631e0e56,0,0.0598,0,33 42 45
0xc5ce26469794d196f16f4b83422bdae40f610dd8,0,0.0204,0,10 5 4
0x67a692c7bf45ff9f8955312f7dc40c1f77d4eaf1,0,-0.7263,0,2 7 9
0x47ab325d0853323c54df0e49a8397ff58bd4961c,0,-0.0840,0,2 4 3
0x5429e55dd2819e4b1d6dded969eead33efa13a29,0,1.0874,0,11 10 6
0x0aad464c13fd35217c88c0e06b719b34b1964f31,0,-0.7654,0,1 7 2
0x840d1c97c56e6ae09cae8de1e2e483ef39d3c732,0,-0.2305,0,64 15 49
0xc27a4b1a4e52e4784f894b7a6b919b3088d7d570,0,-0.7969,0,9 4 3
0x4bc1ca15463d4d8dc7789a843e8f652f2f7ccce9,0,0.4269,0,26 12 14
0xd329842c297bdeb97b6df2b06c636673a64aac1d,0,0.1354,0,49 1 39
0xd9974e260274d40e9aabd3e74cb76fc00914c89e,0,0.1805,0,10 13 5
0xab1f9dcd60d443b4a8be963fb6c2a86c60f10108,0,0.2090,0,2 13 17
0x580c362d50420b0403195fc290557c014c0cfbd2,0,0.8094,0,6 3 8
0x6f9c966f7de5aa994985da6fb95353b266288da6,0,-0.7481,0,10 6 12
0xa5e72437c7f98f68ccd626f30e19ebcb8439f1a7,0,1.2554,0,11 7 5
0x99ebcfba72ae779af90bf1c1eeaec67d445ae8f8,0,-0.7630,0,1 3 8
0x5dda7f1f75ee47f2d128e3d83c4522f0a7e78e9d,0,-0.8033,0,16 12 3
0x7afa8a5b33880071c74f39afd8c9ccf25aaff651,0,-0.5020,0,29 11 20
0x34a1b8a086f6a06ff934a082c6e54bc8b948b208,0,0.2753,0,20 29 27
0x680a9a682e4a7d900fa54177543afb0451631843,0,-0.3622,0,3 0 2
0xbb1634c575ede0c18921b2064edc2dd5a32f45d3,0,0.3558,0,28 12 41
0xf32d7792ea14622c452787ed95d8fff556599015,0,0.2834,0,4 2 1
0xdf47e422bbf177b286867e11ff558ba7dee48cf9,0,0.7726,0,9 4 0
0x16f23e6d24ff834e1cbedde564010077a3002cf8,0,1.2675,1,7 0 47
0xcff06dbb9e8a06bf28edb80ce684a57976491bcb,0,-0.4300,0,3 1 4
0xa29a81fc67779c0a040fba21b302706402169290,0,-0.8032,0,19 13 15
0x8413166485a55a8c1900ad08f4ac0a38141fcbbe,0,-0.1116,0,6 0 1
0x9833998cbd705a297797a398c4ba8326c5ab7590,0,-0.7450,0,12 4 10
0x2348f7a9313b33db329182f4fa78bc0f94d2f040,0,-0.7811,0,21 20 18
0xea8d02cab8104d38277dc723842d8cb24f4ae79d,0,0.2927,0,41 6 47
0x965fe54a53b2d8290aa6df22caf5634c8f7c8487,0,-0.7181,0,1 9 10
0x77d70984f1379428f9357563b316a668d32e6759,0,-0.7254,0,12 2 5
0x5199ffa87bf280d886927cec01ae030783906b34,0,1.2265,0,10 8 11
0xdf0cc397a8f3c749000a4058b1fc2ebe4ee6365c,0,0.1700,0,68 27 74
0x1153bd94a2ba7461d885b57004d180b500e414d5,0,0.6065,0,17 5 8
0xaef3929623d7ba96506e6be8cbc130b8ab013a64,0,-0.7891,0,3 15 18
0x6891b91cd11808ee87289ed64a01ca6dc711ceaa,0,-0.4590,0,7 9 8
0x6c5c1e3dd0205f8c655866e8ddecec0235f1d8ac,0,0.4336,0,54 45 63
0x9398c61c5928cd6a3ba225abaa8e1bcc45faabf8,0,-0.6072,0,21 20 19
0x68d22d15c46575440a04fb666d8f06416c650c07,0,-0.7866,0,9 3 10
0xa796351e29455efeafbb0e30ede3ca7437af4edc,0,-0.7882,0,3 8 11
0x9120ff5e84553215b305a77a7abf0010fa280dde,0,-0.8514,0,8 10 3
0xd5d7fa3115fb3a392ed1fa6b7fed902fd3d556f4,0,0.0910,0,9 6 20
0xe8afb7c355b68a2a9c616e7877d0ef3352c59d5a,0,0.8988,0,42 25 3
0xab0424d42f6217686acb06d0301ef5c633c9bc69,0,0.5719,0,13 0 2
0x7d0696233b399bea1d03f8703d6853dba0837297,0,-0.6758,0,3 7 13
0x4500ba0f348fd16c63ba5a0fb770b2aca5042eac,0,-0.7730,0,4 9 3
0x6e6cb79ebe66755d55a50a2881d4f2f32d06e0ad,0,-0.7704,0,11 8 3
0xd0092f1ff170a46a1138a38e341077e46ce66674,0,-0.7445,0,3 9 2
0x52c912babf36ec1bd9c0e8ee04ffb057f637a6aa,0,0.4639,0,2 3 14
0x9242d2ebd5ddd3ee2ab26f1445f96278f1c05ad0,0,-0.1972,0,10 0 3
0x20a2c8e7cdf552193e22f5eb2e42d4b2256fd04b,0,-0.7687,0,4 14 5
0xd8459a4a7418906ccf74c2fdac59412854a60d2e,0,-0.7814,0,28 11 1
0x6fd402bfcab46f155453456f4c9545ac655415eb,0,-0.0345,0,11 7 0
0x44a63c3880c12ef99eb88d1c26284a9b5daf3a7f,0,1.0769,0,8 4 3
0xb911f119a87899c627f4f233de88d7a0c65341c8,0,-0.0516,0,29 28 27
0xbf64c844fcc1e1b1158ecad9a0c60d62ad18757f,0,-0.8420,0,2 1 3
0x3753b8fcaa2071f0410fd2865c0b156e5ac2f33d,0,-0.1359,0,0 2 1
0x106fde6aee837852ccd554a43b28d7ce0decee51,0,-0.2324,0,1 2 0
0x8e2f57403d6616d8f772f1c3927ea7813765d3ee,0,1.1955,0,6 1 0
0x657c43cc1afe09670c5ab4cb354c24547898e9f5,0,0.8271,0,66 87 72
0xe918176c2136c1063d8ebda73a604070645fa60c,0,0.0285,0,0 2 6
0x6788ae8debf79eed35f804c748f4241fa11d6ac1,0,-0.7396,0,15 8 3
0x19ad1c9fba175ad01097347b8ff273e4e31a39ab,0,-0.4326,0,1 0 2
0x4d57f35968c555a745e26766d0b87f3039b1b985,0,0.0976,0,27 20 28
0x81aa3dae60473d41b0358e24b39cddc7a502bbbb,0,0.4364,0,10 18 8
0x2aed1a77e8025341e02168b1aeb7084e6832c7db,0,-0.7336,0,7 3 11
0x4b2b2579d45452d46969ec1866e19117cd2df932,0,-0.1194,0,12 11 0
0x097b7b672fe0dc3ef61f53b954b3dcc86382e7b9,0,-0.7799,0,28 18 31
0x8ddc2517f25433a457affc0a6dc2a0e093030cd2,0,-0.7536,0,2 11 10
0x4460c17e96fa33eaff9aa1cba5c0898c73b33060,0,0.5256,0,4 9 3
0xbffebbeec4efca3fa03e807066293dafa48a3e12,0,-0.7557,0,5 13 9
0xd456536baa3f4f0121f1d851fdc8961615061536,0,0.4241,0,31 7 18
0x4588c326d6a4ca1a3dc634b0a24168025f1d30f5,0,0.1474,0,3 13 18
0xd2bb13e3034ca90d69f2263efb9c9398d8268200,0,0.7331,0,9 24 22
0x8b40761142b9aa6dc8964e61d0585995425c3d94,0,-0.7937,0,26 1 33
0x6ee2c2451e22c6650070f453990168231009bddc,0,-0.5960,0,0 1 3
0x1952f7769b1ff09f0b5fce7ffd2cf13df1123c36,0,-0.2248,0,6 0 3
0x1c7258476974004a15b9a786b198f1c2a78ef89d,0,0.8417,0,10 20 4
0x96c520291babb88cc2ecdd2099226ce8989b1232,0,0.8717,0,18 33 9
0xb58c9174798095a546f860d9091cacc2c913e14a,0,0.5475,0,40 41 20
0x005f6df9aaa57bbaf836a173c73121a449e14eb3,0,0.8120,0,12 6 1
0x89ca536b098ecd630a3965b66f3a7c2dc0d4ce41,0,-0.7991,0,12 6 11
0xe0009debf50e091d157004ed2c05e0dd4239c61d,0,-0.7250,0,4 7 2
0x434eb8fb9effe066b3f82c78ec12621b27d5a56e,0,0.3110,0,8 16 18
0xc53e41a56a73754512b4adf2eb58d07baca5da9a,0,0.4189,0,8 7 2
0x01c6c300163ab6ac6e03fde095e328e7f1a74fd8,0,-0.1824,0,7 6 5
0x3bb0b86e84f781ae51c0592824d457738c19e6b8,0,0.7985,0,12 9 11
0x4894b3f61df029cb3e8fd8415d33d051256fed1a,0,-0.7423,0,4 8 3
0x747fe0e7b826585c1d4ba7dd64e33c4f4a612280,0,-0.4281,0,3 1 4
0x36c7c41cba388c56e6481e36217b7876d474dcb7,0,-0.4033,0,23 21 16
0xdd338371c15c3ba77219550248835b4ce3b23b3a,0,0.6868,0,11 23 22
0xb8b7ea41cfa41ee65623c93cc4f9eb68d80bca13,0,-0.7794,0,28 10 21
0x436c7eb6c82b1686ec75105e4d60f8e386cdcce4,0,-0.7206,0,7 4 11
0x9e17c6e5219a890023c4cd917e37e6218764ba5c,0,1.1924,0,44 24 40
0xb2d45d6fcf82d23159c9a655993e5f499e1604e4,0,-0.8051,0,54 18 30
0x50bada4572d50e1f49856e6617c4d1696d70801c,0,0.1847,0,8 5 0
0x490f25a6fb513aaaeb47934f67ebbaeb4e474c09,0,-0.7795,0,1 8 10
0xec42d6d9b8c35e98fcbe81b6f61a8b3f24fe9d40,0,-0.3219,0,2 1 0
0x1fb12b1cabd156da710415ffe5c32866539e9ccb,0,0.1892,0,76 75 77
0x730fafe1108f507b454b6eb59f0eec1f1ba31935,0,0.5412,0,1 196 45
0x5d1187e9bca5ae4dc97423085154bb80ef9256ce,0,-0.5442,0,1 0 2
0xadf72f2f846ec84191d72fc2d359babb5102305c,0,0.6283,0,10 7 11
0xaff3fc9b3f5b422773b09163d6ad6aa964a9c3c8,0,-0.2156,0,11 8 0
0xb461721b09191dd6f5ce40d07b1ab569201a6732,0,-0.7562,0,15 1 8
0x7e5c225c802cc498d8aac01c3b73996170b6832e,0,0.3083,0,4 14 13
0x7e3565604dc68a11ed0e1b620682a2c81209c8f7,0,-0.3713,0,6 5 7
0x6849af3186ee5a96e8f957d8eef1f5be1d611e38,0,0.9532,0,7 1 5
0xcb0a38fe0c8adff7925e1f908c71552e60645b76,0,-0.7810,0,14 18 17
0x4478f21bf5de4efa416c4a705ef9fb665456eb45,0,-0.6419,0,8 4 7
0x47645dbbd4db1f8c2c75fa4e7bec9927af76655a,0,0.7397,0,11 12 14
0xe3700143e19ed015124406752ecef5dae81b3bb1,0,-0.0599,0,17 11 10
0x0af69da5a1557bd16f14e51e21749166eb5dd58a,0,-0.7085,0,65 5 125
0x1d02e96feb9ecff744054cf55680c2931718e7f8,0,0.7446,0,14 8 7
0xaeb4d487f4066b41af8f99f30ec3ad40cd47a5b1,0,-0.7783,0,3 18 5
0x4b9e8bba5d155a5cfd8cb101f365eec482489749,0,-0.0512,0,1 15 14
0x1093ad22f4106d8d567ce2d541262738e039a3d1,0,-0.3821,0,39 52 46
0xcbad07b93fd6ac4d5cf1d54c9e7c2e3ef5194284,0,-0.7545,0,15 9 2
0xf97d7ea6c685764e599e6a75fadef71ae0f80687,0,0.4527,0,1 4 2
0x4617604fd8169bd58540e83d9fb9dceeb92fdd90,0,1.0699,0,155 154 18
0x4071da52be208af9b5db9cb5041d1107b82ac505,0,0.3215,0,1 7 45
0xa139d351272b2b07b0116cfea33e9bb6e79c81b7,0,0.7327,0,12 15 5
0x29d9479192023b378db509d3cb7c54a1f58e76b1,0,0.1528,0,6 1 0
0xe641eec245f2d88129b102adfb1bf03be9796d70,0,-0.5896,0,0 16 14
0x927bfc58efc30dcbae47c6c9f3990311804d4844,0,-0.7088,0,2 1 12
0xabf82625aecb1a4424bf0d0fdad911aa86cea288,0,0.3200,0,4 7 6
0xa103910e5feeaa7367eb8534877a8815eefa1823,0,-0.1314,0,13 2 3
0xf741c30f2d80924a9c7bec01085b093e74b6dcf4,0,-0.8113,0,11 10 8
0x747c276c9a714c79a6b9b9ea1a995888cc9e35e4,0,-0.7871,0,43 38 42
0x0039d680628a0fc33a0bae4119f0ee6f117a18a8,0,-0.2136,0,10 9 11
0xfac5e38cd8f0a20ae8440d8495a5723b27127ed7,0,-0.7672,0,1 3 4
0xc74a34449d301deb29eac2c2d1cb3caaad3785f7,0,-0.7380,0,5 6 9
0x9d0628110f72d7c17d09ab712e88313e143ffcbf,0,-0.7923,0,10 12 5
0x58bcefef19fb2c50c32708371e0bc26d754d6355,0,-0.7737,0,5 10 11
0xe463c78f2b784758a589a04b86da15a3eb62459c,0,0.5405,0,5 6 2
0x4b2735afadfc8f5aee098b6e5f47f18c77cdc64b,0,-0.2825,0,19 3 1
0x093f5374157fc13e4d4685bd6a3239d6fbcaf397,0,0.0216,0,37 6 8
0x4a3b4f67103527e09f8109cd0b1eb083a710a8ec,0,0.6004,0,15 8 1
0xc03e714f41730aa730e915907028367343a0109d,0,-0.5908,0,9 8 0
0x65f9feef352c9fd64a063331f23bf8a4cf81279d,0,-0.6936,0,98 193 197
0x9b74b0cc0722e53b780f2193f4c5710b0e5a2e6a,0,-0.6792,0,8 2 10
0x8313b60929fa989738bfb4a6e265d930f8e33af9,0,0.9262,0,11 17 22
0x841b0c31ab915b80ea4be0a81ea2d71fb3e4fc32,0,-0.7427,0,2 3 7
0x5fe727bd9e933b8aed36e780807a041bb59fc4a9,0,-0.6286,0,38 47 108
0x022c79f4cf5733d60ef6e93e12995616716e957c,0,-0.8173,0,164 37 48
0x5188d13bdd9d7ac30324a569e2ce42488374738e,0,1.0454,0,2 6 8
0x057007d3ddd33ee9f1f08f72eb79259f9b29789d,0,-0.7204,0,10 12 8
0xfae0ae8b9860aa43ff392fa535c5b2b6c5201fe9,0,-0.6425,0,0 1 2
0xb0de7c886f066093f3dda92df52d66d26a5d1f3e,0,-0.0534,0,2 7 1
0xf1cc0410e6ab1306af61dc95c0243cba3ad3e7bc,0,0.8042,0,9 23 7
0x8b6eab284919efa18bb7924e07e7f5c51a576a58,0,-0.2623,0,7 5 12
0xddbf6d3cdfcda56b1fcef76d2c8cc51b2c1b7771,0,0.6745,0,41 3 23
0x2749e122c4620ddbe10d60ec5c3c6cd0c3d8448f,0,-0.3021,0,12 13 15
0x05b580942037e6262f47a17d412778d56467ddab,0,0.4074,0,6 10 5
0x1416df791ad8a9eb5dc115a0e5c98fca17019041,0,-0.8284,0,6 21 12
0x7d0355944870ae69c2ce372f77b42134baad49fc,0,-0.7073,0,12 23 21
0xd4617b560214d8a4f234821808ec0e1b6b4fd183,0,0.0105,0,7 24 4
0x7e51cb607632583e5d96fe95a2214a128fc460f6,0,-0.0722,0,12 11 10
0x6fabb9be88da6cf67c44c747da9a4e1c02a58cc0,0,1.0824,0,1 11 6
0x6ded330704d6b4734de6dc82b609765006dde197,0,-0.1291,0,3 6 5
0x3603576f910ac545006eadbfee5798202ed07a45,0,-0.6781,0,19 14 42
0xcea3c46713a015482a0f55b8b9530a901672bde8,0,0.7841,0,38 48 81
0xe9888cb8e188dce959380168f9e8f7aa4679571a,0,-0.3468,0,9 1 8
0xcfbd0087ae44a9ec1afadc16b926c9fe44029c2f,0,-0.1936,0,6 5 4
0xa7f9c8c9e22b37895c9804b839a50796e1d785e2,0,-0.8265,0,6 16 8
0x46064d03d21b400d7f4132d49bd6db2776297a42,0,-0.1861,0,10 11 9
0xf5810fef98105156407806ee12cd2025d1b369d3,0,0.7392,0,5 10 0
0x58ca2c4963dc65a53e4a82bc974a86d539d00ce8,0,-0.4797,0,0 1 4
0xb4b60af91082f4d2c62c9de8008bc46d087c1c17,0,0.8654,0,9 2 3
0x3c35b66dbaf1bc716f41759c7513a7af2f727ce0,0,-0.2863,0,3 0 1
0x48845c3da5bb1a4060fa2cea0ad5a3ef3af9a874,0,-0.7955,0,12 10 1
0x3278cdf3e16e9530ac332f0a5da0462f67926cb2,0,0.2017,0,7 9 5
0x599f06a44db206f37e87e85522c92dc3f3a6bce1,0,-0.7832,0,26 3 22
0x6af846f5cf75522938fa83eb527be94d41579f5d,0,0.4651,0,4 6 13
0x7e61a20e535057b0acfdf35518144ab2d0721aec,0,0.5883,0,4 0 1
0xd0a1837b5e80d53a7ce3338108d7720f7fc84aef,0,-0.8117,0,8 10 3
0x29de2bc55be830eb5609a013b88899acefb9c121,0,-0.7588,0,7 2 9
0x0c2daac503994d386823a1b84eac83da9191cb66,0,-0.4222,0,3 2 1
0x37b15ddc52a607c3dfafde2fe7a95affb4362fbf,0,-0.7706,0,1 7 9
0xf9d6aaa7523bde88b6ed06048912b5d131a4d020,0,-0.7315,0,12 13 6
0x88d73406cffdc1d20dc66f93a3bb61597edf5cc4,0,-0.4859,0,19 39 0
0x201199da1fd83d8b8cc758b68c98a0e49218b8f0,0,-0.4145,0,8 9 3
0x70d574dc33362991cdc58485b9a2f5bdc8b77657,0,0.4968,0,73 4 1
0xa05be27d990ab6224a7f7c070b3c258530884b55,0,-0.0206,0,4 38 3
0xa5557c6cd527af6f89c685d49ee1bd4b49544578,0,-0.5405,0,11 28 13
0xc76c4b4d13191fe379934ae1123141bd11755a72,0,0.6248,0,19 33 30
0xb223c84824569be9dbfd86f5525e03b6b1f874b7,0,0.6697,0,10 11 13
0x296ef222804d91075cc89e951cd50148e3cb6457,0,0.1235,0,11 3 2
0x97aa6cb0705875bd0e59de730ce05de62de2066d,0,-0.6196,0,170 107 71
0x095f850eec0522b2e269aea9dede4bc6967378f6,0,0.9177,0,71 49 48
0x06d7156b003a3669c254cdc984b341cd056fa09f,0,0.8618,0,8 11 9
0xac1fa8b2652048c0f1ed36e1cb27b1b2f5abaa30,0,-0.7719,0,21 17 19
0xa0d7b6595e033674e2e61b0ced41d0bc51eb7188,0,0.2598,0,7 13 10
0xc406f1a8cafb0fd9fd4557cf7fb0362a02702430,0,-0.7713,0,7 1 9
0x4be34b4cdf116a0dfa17cb4c848cf0fe72d7cfae,0,0.8204,0,17 27 22
0xbb920985550ec32176bb0e82a57f6da175f1af82,0,-0.7542,0,15 5 7
0x4d8ca718924b20e5245546598e73b0425dd53118,0,-0.7846,0,4 3 7
0x76975e576d4cdac8bbee20540bc3f2d87d5b1191,0,0.4922,0,11 6 2
0xf1dee8c7a844b1a9fc6c84d42947ed8078c09a25,0,-0.4997,0,0 6 1
0xe32421a08dfe8dbe8e6b4843f065b13645d2ecb8,0,-0.7897,0,1 9 8
0x56b6431f45d08eed55f34371386326c739eacbcc,0,-0.7265,0,1 3 5
0x0fc4d9407c45badaa020e0da40890fcd9acaf256,0,0.3354,0,2 0 1
0x58d72b4e7ba9785bd03873f8bca3928ce94a48bc,0,0.1684,0,10 2 3
0x12d63d55f304e9d3a500e2d2cd5e4951ba5fa770,0,-0.3512,0,28 29 27
0xd3ffbc7dea9a49ceeb69f7a8de636ba2ebdd4ea8,0,-0.5900,0,2 15 1
0xe3ef76361027afb6bff3c82227926473bda4ad32,0,-0.2295,0,2 1 0
0xb280ed957ccd8d964edd9bef22fb9fc3a7763667,0,-0.5653,0,98 109 51
0x3f30bdcdf0a85f12d4c8e875def4bda9c2c1b7e5,0,-0.7944,0,14 28 2
0x69bacc8928f47cfdd5722409aa9bdcd6630e90ae,0,0.8445,0,99 110 97
0x8d637e957d17f4b02f42e52fbb68c7074c32b727,0,-0.4895,0,14 15 6
0xd9c7f783836ad86e10aa826b758e186f15cdfb4a,0,0.5098,0,0 15 12
0x123843545fb525c8e134c9a5f15ada6865cc3848,0,-0.0060,0,0 5 1
0xe1a1f9418c204b952c2f5cf3555fc852c3753498,0,-0.2696,0,6 7 5
0x7842314ace566e2136cf532f753ad2e19ce1a93c,0,-0.8221,0,11 14 6
0x3e164cd2e9244e67f3835155e443e73fab0cdd7e,0,-0.4174,0,10 4 6
0x9103d6fb3ea2a6c9d1245ab9e50017fdc7f7ffb1,0,0.0374,0,18 17 12
0xbd13cb3c38fd5db787a9c22c47b00a1f1978bed7,0,-0.7864,0,6 9 15
0x7ce8f71ed851083daf8f69b9120e9a1c5a3572e0,0,0.8023,0,22 28 19
0x6dcc131c0cbd1602b39a75fb3cdaf86e860be529,0,-0.8102,0,21 73 38
0x362cce7a4980b08f6a3226b9dc3858b9f82bedd6,0,-0.7924,0,13 14 12
0xa4f8506e30991434204bc43975079ad93c8c5651,0,-0.6182,0,8 1 18
0x9d931f2f19535656c4073b09e205a189c846e3db,0,-0.8191,0,7 24 19
0xb26d0aac547d198863ce68da76a0a85da79d7fc9,0,0.1186,0,2 9 6
0x9c2ac8afb0b5b30b205a0b37701f839642052526,0,-0.7613,0,1 9 11
0x09cd98214f6636cbb5b9ed3bb962b5f0035da34b,0,-0.4382,0,6 4 3
0xd7166842122aaa4714c6964b855307f4458a1663,0,-0.8000,0,3 16 8
0xc76d0c4bb4ae474c4a9401eb4c18572464f70062,0,0.2693,0,12 13 15
0x05637db4f4de7d20e56518a0196c1f5e53327525,0,-0.3690,0,2 5 10
0x86ae1131292dd36241716493158655cf3a726e29,0,0.7804,0,64 5 67
0x80d35bdb6732bbe8ddebda73e2e7f8c0fa03f4f9,0,0.4101,0,9 0 7
0xc4a74991dd1ac89eda31bbb67aefc65d648d81c6,0,-0.7321,0,8 6 2
0xdde6729dd73ebb00383438affcd2685869cf3387,0,-0.7171,0,108 164 56
0x53884c3d3179bf3fdeb8857f358399b64e305a93,0,0.7901,0,1 7 6
0x6edca487052b1a5b63a3d1100775e5388daaf9bc,0,-0.6727,0,0 1 23
0xf3ba2bad5f6327a2bd3b71221de2e7f076690385,0,0.6260,0,6 3 0
0x877b6209b0d1f25a0c9dc79c0f61917745c773eb,0,-0.7029,0,25 50 5
0xe044335254bf7e91f87e886653d1d83225d75b3f,0,-0.4808,0,1 0 2
0xe7e471620f8de356810282487934854273d0b72c,0,0.3366,0,13 3 8
0xc6adfc85e64c371a741cdd2e0147eb47aab14857,0,-0.1936,0,0 6 10
0x12f941c7ae045985f607b65e294de7935602bcce,0,0.8578,0,4 3 2
0xe26b758708f39276f879c0a187d9a789fc26c38e,0,1.6836,1,103 64 100
0x519279c063e541cfd025a11184fe76f5b5f51367,0,0.3221,0,9 11 5
0xcb4b435f5a715a95af87e8dd398fe6a8f397ff60,0,0.4198,0,10 6 5
0x6f8adb9f75f24b16f836319336b28d3fdfa02143,0,-0.7898,0,20 130 74
0xc2fef0e2ac1e7fb92c67d434515ac16cfef61490,0,0.6084,0,9 11 12
0xda18f541ddf7bf78a35c0681fe31a9eeb2140706,0,0.2199,0,48 45 46
0x93791409a358de76a7e0f08eca08923aa229739a,0,0.0474,0,24 12 4
0xd25edd02e8545e5bf3f053530d0e0928d53e160b,0,0.2561,0,14 0 4
0xda71ca48d797ce352e7537c4d6a6d184c6c15854,0,1.3091,1,19 9 13
0x8066bdddcc2daa54dbb8f2b46a8338925d4a6b97,0,0.5137,0,52 6 13
0x8143f8a57cb2c817de12b7ac11b2f718ca6f93d2,0,-0.5773,0,0 1 12
0x2fe94d0006133067a705911ae5d817cfded0ffc3,0,0.7123,0,20 1 11
0x79b4ceb3b418b5f9913d11f293f38cac0d59c5b3,0,0.5506,0,10 19 11
0x6f57ab474394aba72df81db80b0a3d5543970cfb,0,0.4140,0,4 11 9
0xf1a0d7a524970f99f14d972a942bd54e407e4151,0,0.2114,0,8 13 6
0x9aba8ec847e10f4cd894b9b2a19831cfa7ee79bc,0,-0.5906,0,0 4 7
0x9b3b0c5748d2077e5eb064f3c030588166d27b10,0,-0.8123,0,24 8 23
0x4e8e8ed2ad57ee689c2348643bf6bcdcfc8a686d,0,1.2405,0,5 2 1
0x813ba274518d705f68ca437aafb8784c6a07745a,0,-0.7759,0,9 12 7
0x756c11e91f0bb8f1c8c3d76a7afb74a42dd3f170,0,0.1946,0,2 13 4
0x1250cf2b9c8b11d533b1cb3d6a8152645d1b4588,0,-0.7704,0,10 1 4
0xb14f0cda5f8278e8ac1de961fab58218d3f5da1a,0,-0.8322,0,1 4 9
0x449bc7e61dc8b01c0becbd3f76c6a831a3849fd1,0,-0.6649,0,9 18 16
0xe42b7adf1f9f0534d4c5edb5937779ca8269f046,0,1.0964,0,20 8 7
0x2fea013abe02fb0a563f725b6a80146f61a7ba18,0,-0.7459,0,5 1 9
0x2de466cd9d34e03a14b7435608debbad74f7ebb4,0,-0.2044,0,8 0 1
0x9bda4f566ba206bdc408dfb56bb8cca638283f62,0,0.4724,0,11 10 0
0x2988d8e16b7c489bf1b34e507c2c18c65411c884,0,1.0491,0,9 7 8
0x44e28709573b00ec3dbd779dc764a15f32c07fe0,0,-0.0901,0,2 20 1
0xd23c4fe39a9e52bdd2e5463b84c854d5e7a32e0f,0,-0.7868,0,55 49 18
0xc7a6c5b7859e6e761f31adaa393509a074871553,0,0.3909,0,25 16 23
0xdf99c7f9e0eadd71057a801055da810985df38bd,0,-0.7607,0,19 7 8
0xf4a215170f9b9ae3187f7a62df8c6ceb0c7933d5,0,-0.7962,0,16 15 14
0x807939989a792db057d36cf8e0f55dab234e8f8e,0,-0.4606,0,1 0 7
0xd95ad8fd1ec981df331487afaa4bc9047b8234ff,0,-0.2174,0,0 2 9
0x4e532cd2bbd887ac97fd1278ea2efe9f324af12f,0,0.1780,0,10 17 16
0x8e0c020dad791189d9c93a47a6e0e486dc13a9e9,0,-0.7381,0,12 10 8
0x95bda08fdb30e69090c462ce53f649611e5c0ac0,0,-0.7692,0,8 15 12
0x8a39dba536919ab530e5b4da9f4686a350eb2379,0,0.0946,0,2 0 3
0xb889d52282d5ef88df8505ea13b290cab31d3390,0,-0.7279,0,30 8 38
0xa852ac00a278a0f4ca21944d9902bc3990f60795,0,-0.8394,0,5 4 9
0x718dbdef3cc46bc8a26d39bbe7bac65d1109e9c7,0,1.4886,1,10 7 1
0x0e686564e306f8fd6635a08c19043197eeffe5b3,0,1.1047,0,9 3 6
0xc3006591b6429f5500f5978249a6d40e89fafbc8,0,-0.6972,0,2 5 6
0x9b12180eb5423d7b601a164aa0f2ad7b3a194310,0,-0.4422,0,10 1 4
0x54f4e0063437be30ba989fe323c39ff7e41bb073,0,-0.7974,0,23 19 24
0xe34c1d62e02c7cf5f729f439b5c7b77faa59a688,0,-0.7630,0,3 8 9
0x392a2e4858b41f2280cc183813670bfcade7c574,0,0.1108,0,4 1 0
0x9333b72de3510dc593dbd334edcdac4cbacc3250,0,0.6410,0,6 5 11
0x16b73da1b7308c851c3495714cd74abb453155d5,0,0.8262,0,9 3 6
0xdcf74559d9f215d6a73420f75cf4d38d0413f240,0,-0.3763,0,5 4 6
0x7a615d4158202318750478432743ca615d0d83af,0,-0.0551,0,29 6 20
0x493d625fd7a6d1e99a8fb56012e1dcea347a9c70,0,0.3812,0,21 20 23
0xc17944dee9a7a5ffe31082d0db0caed31f94c5aa,0,0.8052,0,1 6 0
0x65a91aef87fa09e9d52c4bebf25c45881ddd2ac1,0,1.2725,1,15 5 9
0xe12128d653b62f08fbed56bdeb65db729b6691c3,0,-0.7644,0,26 36 38
0x8f80cd43a7c80140bad7723f6a89cc2967583046,0,0.9027,0,106 26 95
0xe2360888069eaaf59a5f2c7273a90c80cc8c1b0d,0,0.3592,0,7 6 9
0x1a89ac8543a450a8730c91891f523b9560c0bcde,0,0.2524,0,4 7 3
0xefbd1119840b1e74e38dc7905413895f269e8015,0,-0.6124,0,6 4 9
0x920d24f9924a62c2275723531734b6b134ac3d56,0,-0.5485,0,0 4 7
0x8e0f8b4bd08eff79ec25e46bb6f60642173baa61,0,0.1958,0,11 13 18
0x63b163fc57bf99ee63e3f0557ea445d52cc2beff,0,-0.1319,0,8 1 0
0x96225928fd62dc12c1bc5d415ad47e949f0b7b49,0,0.0517,0,1 0 7
0x98dd045fffa9e7728376ece761d7b28b88c142b4,0,0.5981,0,2 3 1
0x326779d220e5e61de1017eca90995bbd209fe6ad,0,1.0541,0,4 3 10
0xff4e635df4639a201bbfbac3358401084af7395d,0,-0.4411,0,4 10 11
0x7798e522b08299858584ea20e0aa08945e83bfb5,0,-0.7682,0,21 22 1
0xee5fb34a5cafe65acec025ffb4330b896025e2fa,0,0.2966,0,5 1 13
0x2768d283d821067eab769d08aee4b7813adeac1e,0,-0.8003,0,9 8 7
0xb2f4bdc4959bfc9c1a0e6c52ac5eb6d313a25951,0,0.8201,0,12 16 11
0xd3d5d580c0d861a9f5c59fb79a904a89f674a372,0,0.5089,0,9 2 1
0x5f09569cd272e3e3270a6ca277e78cb8bca839ec,0,0.4912,0,14 17 4
0x27bd00e7422bd3dfda51836e686ba8d980a44f6e,0,0.5554,0,1 8 10
0x6e5e063aa630096b19164abe648c672bf1e4010d,0,-0.7724,0,16 15 17
0x7ff54f631f5c53e0b59cfe08b58bf41fa977c566,0,-0.3751,0,4 3 2
0x107ddaeb966f4a2ce0bb6cdf5b842fb14058ab5e,0,0.0984,0,12 19 26
0xd1ca5d5e1649c301f8c1d5acd8c86ebbe4e30b3f,0,0.8496,0,10 7 6
0x6e1840941607751f3cd9326ed087a91bc34e4021,0,1.0675,0,6 3 1
0xcf1682e464198c4e3058d6079ec2b6793dabd5ee,0,0.9405,0,12 10 7
0x65fe520e49c45e057a3dc85b00e476cb8105809f,0,0.3101,0,76 35 20
0x3abfcd39b91331a3125ece50cd774efc304f9d47,0,0.1729,0,1 13 12
0xf3248889942f8b308269e7c583fae67605bd032b,0,-0.8094,0,8 1 7
0xc122252e1c9d0720f99311ee58aa164da9b40695,0,0.9276,0,9 12 1
0x7cc8778ab77af376dd7f3054298968ab2a67b066,0,-0.7927,0,11 7 10
0xd9530b0b3a966ff0504a8414efc8b21d19ef7abd,0,-0.3987,0,9 3 2
0x9f5a518636696c7796b89a5223a5549562e93c49,0,0.4860,0,60 66 52
0x283ff2c5744b06901d7dbf919ae27a82d41d6514,0,-0.6251,0,1 0 13
0xf3f92bc6ad9259b68f889498c5f42d46a6914978,0,-0.2158,0,5 4 6
0xe700979a4d53a177faae5619ae6cb6466b2f1514,0,0.9480,0,1 3 9
0x4f5854753e4defa4902c32ad543eaa3854f8ad31,0,0.9402,0,135 106 65
0xc3f8ab2ac38be9509716295d10ea4b6d8da667e4,0,-0.0581,0,51 60 131
0x56c225ba157e8bdec26416e096aecc40faeefa3f,0,0.5841,0,1 8 7
0x77b5d667ff72468a8b4c07c771b6442e35d174c2,0,-0.7543,0,12 3 10
0xd99925084f07dfbd354c1345dd004803968fac44,0,-0.7598,0,2 6 5
0xb01ef2f1c70726b0aab0337cc3d6dd0b11487e0f,0,-0.4928,0,4 3 2
0xcc6d201120c3329e06f33ac67632d07a31f12267,0,-0.5845,0,11 58 10
0xc2fd6485af3ec3dfb14e0d6593e05a87212a922f,0,-0.8385,0,8 9 3
0x02b5e04fd74e6168dcbb2f612265d421784949e4,0,-0.3666,0,12 13 4
0x9ccd3c2e5cc9c67f510a0631165b71b67b4d8129,0,-0.4841,0,0 1 9
0x5aa474fd85a9bebfed901af6a1445f588b455186,0,0.8212,0,7 5 1
0xa58b3210b6f9626dfedb9ea232e8efc965873559,0,0.7478,0,117 148 108
0x7c285652d6282d09eef66c8acf762991e3f317a8,0,-0.4305,0,4 2 1
0x26078811656d6b8c0a0037ae5151caf6bca16425,0,-0.3647,0,3 9 5
0xad240a983988d005df40f0d83fed4f10a27c7810,0,0.4350,0,10 11 17
0x3b92a182130bb98ab503cb03a1f6e28facc67ea8,0,-0.7755,0,8 10 11
0x52f57dd9e4fa28b17d480f370db7b962677594f2,0,-0.4386,0,135 199 46
0x8214e74a944370cb2882751057f057b5fb08b439,0,1.4974,1,3 8 5
0xba4629659a7be9a7003c3248e86acfeb8f2c52b0,0,-0.1325,0,5 13 14
0xe5eafc0541ca4b462441d9d158d4dac503a96522,0,-0.5004,0,18 0 3
0x8a18fbf17e88f8d987fd2fa6052a2b5d5e1b8e0d,0,0.0218,0,5 1 27
0xffdda0283e4e1578e41292f57520801e3908c33d,0,-0.2849,0,9 8 4
0x5a1936723a772f46bb1c5037e4d75ea9fe992036,0,-0.7437,0,2 9 5
0x3b1d9fd8862aed71bc56fffe45a74f110ee4bb30,0,-0.5472,0,1 0 2
0x46575f2c0b46234875bdb877ebf23bf2ecf1538e,0,-0.7843,0,10 9 12
0xd4f1ea5cf733058c382f6e1e52acf0f76106fc98,0,-0.7340,0,1 12 14
0xe8a4016eefb90c67e537b5f37af4a73fc49903ae,0,-0.4533,0,8 7 9
0x775d34c249554f68550d7729d5318125f07d3d79,0,1.0053,0,14 6 4
0xb6cc3b4d329160bb8519ca14f3bf224ccace3338,0,-0.0766,0,2 0 3
0x348e9fa2554d767264bd54233501ce1f50bb117b,0,-0.6991,0,9 1 7
0x7c817a4806d2dc1fc9c1f8057f6e9aa94a4d6c8e,0,-0.7165,0,0 27 1
0xf32ae7ae8e804afec09771631bb976840d86bd04,0,0.5528,0,29 30 28
0x18843ce3e70b8a93507dd2bc8aae81b119587a74,0,-0.7924,0,51 30 19
0xe2f25922f5983c5319418ef5b3d6668153580dea,0,-0.5539,0,0 1 10
0x56dfc2f90105819f0afea35601eee1beb1e2331a,0,-0.8073,0,7 9 5
0xd96a991149d3dc132e5de42fb02b61f8984c444f,0,-0.2526,0,26 33 7
0xcb2233d5ba441570e757b2b1375075c06359b83f,0,-0.7709,0,9 10 13
0x46d81163f6ade79e237baf14c0e56963bc3e9139,0,-0.8460,0,3 1 10
0x3a4cb52c1df4fb06e0352e6949787d47ee779ce2,0,1.0261,0,5 20 1
0x7b4e13362838cb7ace4fdc91cd99ceb8bd5cf660,0,0.7999,0,5 1 6
0x812665535818fb4d3093922a5603ba3b8a3c9d4c,0,-0.3953,0,0 2 3
0x22ca7dee1c75163e82d60d682cae5424504021c5,0,0.5627,0,3 8 9
0x6667c58a0396937c0106ec4cf93262cc4bcde408,0,-0.7605,0,3 2 10
0xf6303ce0fc93e7ddcbd98353e2543a6fb402825d,0,-0.7720,0,6 9 8
0x0ad1fc9f0759fd214d7be8978263ce1fedc9c810,0,-0.5096,0,1 0 2
0xd2e5ef97c3dab33019082cbc3b7432a65827f61d,0,-0.7672,0,11 8 12
0x55f87c502d072bede8ad03884739b99dbe6d223f,0,1.0612,0,1 10 5
0xcae286f684d5668469b1e1c9226d2d0d65ab1803,0,-0.3168,0,14 7 2
0xc851f508e5770aecc0097ad7ce9c56dd875627c0,0,0.5051,0,16 13 14
0xda4198f2685c149af8b4f7f3472c32bca432b7c4,0,-0.5770,0,0 1 5
0x80d2c409d50561de71565fe82529d663719e9568,0,0.8644,0,11 107 116
0x4b980fb8b2e810104a323863d2bf3813819e7830,0,-0.5673,0,51 42 43
0x6aaecd9866910e164006f910de1df81cb969c79b,0,0.9216,0,21 10 9
0x47708b9dfd2e5547117eea33d46a8ea6708994bb,0,0.3636,0,3 4 0
0xecff806367f7cd4e0bf912683d54d4eefe5acfae,0,-0.8316,0,5 16 11
0xc8affac0085bb9f4d52dd432a22582d5e40750c8,0,-0.7384,0,3 10 11
0xa91486a2681b039617f1592da48457dfae2cee36,0,-0.7614,0,5 8 3
0xd1c47f9c6143920cde4ff71e7f2f15de821e9d9d,0,-0.8224,0,1 36 18
0x9a7e2908c93f4c51118b5407e8a1f5112de24d49,0,-0.4726,0,1 0 8
0xa18c629ee8859ac0bfe95a3b7dbb685f71ec8527,0,0.8746,0,1 25 5
0x0bb7f3856ed216111d43e35084dd5756883b2910,0,-0.1827,0,9 7 8
0x699ed52f9ec2eadabf792c2368d29f94967e2981,0,-0.2339,0,23 62 29
0x6b1435fa0e45289cc53e4f8158abbd88da7fd033,0,-0.8180,0,1 12 13
0x42b4a51655ce4df4fbbc51adc6bdfecbb89be31c,0,-0.3569,0,1 0 2
0x845813f2250a27f282acfbd4f865fdea2be9b0b2,0,1.4082,1,2 4 13
0xb26eecdb20769bb7ca3e69f82b2f2f1d0da5fd06,0,-0.5771,0,16 1 10
0xf288438ed5d5b76e4e52dffec3de98ad8e83ea68,0,0.6784,0,11 9 12
0x38a92bb6290284033b5871477fcdc2dc9a744baa,0,-0.5440,0,0 1 3
0x88ca927773b820a9b7fdbb38cbce813a8a464a2f,0,-0.0938,0,3 11 14
0x8ce5c56c0bedfb5303b8746225605aa61f057200,0,-0.8230,0,10 13 2
0x7582ca697f9f87ef9c1eda72069bcdb504c4b145,0,-0.4495,0,5 15 13
0x9bcd1dc4efb4f44a9183440621fee5b3d88bc5f6,0,0.3814,0,11 6 13
0xf776c78fdbfbc16bb2eebc6ba56e19cfd19f784a,0,-0.5134,0,1 0 4
0x6c12e01333f5e64bcbc2117552b80c8e5764cd7f,0,-0.0963,0,6 20 24
0x36e94e2636c6452212c8f384d2540b5ae8a44c19,0,-0.7307,0,8 4 3
0x48cc4d2bcf1617d54065a136baeb4b75e47a4ac0,0,-0.1458,0,6 22 1
0x97426b5fafb3207a642882a76965ce29d1590376,0,0.8752,0,3 12 13
0x4e186fd1bde11ce49927bf953c0b3cbed6af556c,0,-0.7441,0,3 7 10
0xa1beb350a770aa731dc674d11d487de582f518d0,0,0.6177,0,6 7 45
0x05c52b40447b96c0242bac3cc1d8e52ef8a3b331,0,-0.6071,0,18 17 15
0xceca9fc4b171165f108d130194bba35da54ff4b4,0,0.5563,0,0 10 8
0x23151056a055567f6866c8a7dc6cfaa67850f71d,0,-0.7536,0,8 13 5
0x87e4a29a042f6a65d0cc8c77c899eea5311ed5e7,0,-0.7879,0,5 10 2
0xc219a548bfede9138469ef277730e107a6ed8976,0,0.3608,0,6 40 42
0xe0a7866f8097d01c17c3d26d3b82f766df7659bb,0,-0.7922,0,1 10 3
0x3f6a49ca792571510ccbd62c4ef51e5b345cce1e,0,0.5693,0,28 27 34
0xdef3bf7ae2460484ecbf45da7a504a77e89d4131,0,-0.8247,0,11 12 3
0xdb54051e4151b72d2f35c268fda4d0008669a8a5,0,-0.2751,0,10 9 8
0x04d81147b68dad4a14d64158653ee4b4aea3ebea,0,-0.6834,0,36 9 28
0x6b9905507579beb6b6304cdaa6d34efe2231c681,0,-0.2731,0,3 2 1
0x23a3da6a892776f350274a2bffa432afad43a240,0,-0.6149,0,2 3 21
0x7afd2dcf7e51da0c09644dd41b04953aff0c60ec,0,0.7845,0,4 9 8
0x779dbcd6b7814838b078e3fc858579bb30b65a79,0,-0.7377,0,12 11 9
0x51bcf696cb0928e38d022d349fdc343e424d628a,0,-0.7556,0,4 11 7
0xd02e18e165fe9df944b55de02002dc8ae3d0d23c,0,0.3321,0,13 2 5
0x3f146a79b02e4d0f11336cc5b6a46194d5e5eb96,0,-0.0090,0,6 16 14
0x879c1b6f7935f40db48148450f536d42b00d97ed,0,0.2964,0,9 80 5
0x4a7be08dfcc71ebb1d982f3f6589dcc11604a1f5,0,0.4472,0,7 10 12
0x1d871629e5ba55c81bfca67e9e71004a541c7f7b,0,-0.7176,0,5 1 6
0xbae7073518f6122e74e650f4d81f756a22362c77,0,0.4655,0,5 1 4
0xbfd4b964136001d9951e78ce4434267875b5cbaa,0,0.2229,0,9 10 8
0x027f99f17eacfb75270f4d9333e5141765894c51,0,-0.0228,0,16 0 14
0x51bcee2044752b77fc40d2fb40f8e2dde4a3e778,0,-0.6025,0,38 50 20
0xcea8f954afd3ff7abf31b6e554aa182b68ea93ef,0,0.4587,0,10 20 5
0xfeecac55829cc96fe0c038428ed1cc5d89b5c28c,0,0.8550,0,9 4 11
0xc8817379450486cc5f3c6e2ccac535b97e33b802,0,-0.3132,0,3 0 1
0x598603b98a3fdcc1788a3e922f89a9cce3bbe8ca,0,-0.2385,0,2 1 5
0x70861e9f3b99a5b525f90d75f94926c443c280ab,0,0.4087,0,8 9 10
0xa08a092bfd6b0e1e43169153a17b106a6931b42a,0,-0.0247,0,7 17 16
0xc67571f1e3a16ffd8fece3742e44fd80592e2411,0,0.1408,0,7 0 18
0x43aa4fc8a2b01add3a53a23ca92b12dfbfd83719,0,1.1901,0,14 11 9
0x619366f07cae826a7c6d64fd47bdbf4c7d94ceff,0,-0.6762,0,84 26 73
0x8e7fae57d9cbf93aa21d746f94dce5d1b5d40a99,0,-0.7418,0,11 7 3
0xf8eb15d858f101291d69b0ece2e3a3cfa5760c91,0,1.0191,0,63 52 44
0x7b952adedbf247939f6417b70894a7c203855890,0,0.5384,0,10 1 5
0x6e9da8bb41c0cb662802aeef9d0e79bdf54424fb,0,0.9807,0,6 11 9
0x7c102e183abe3930b6fa4fda769ca80139362cd3,0,-0.7150,0,7 3 6
0x73122c208d77648a78a3ce0538f7ac9c9d82f0a3,0,0.7080,0,30 38 40
0x5582e08b81ca3f601e064f84c6fc78dd65c6b407,0,0.4530,0,0 5 6
0x38eb9c8ddcbf3e7ddf4f4dbb6afe6522980ec7e8,0,0.1986,0,169 92 148
0x6d649420ef3d4d7375766d08d0a1fd2eaf3a3e25,0,-0.7043,0,3 6 8
0xa73caeb2ca3521a8f5b67008b04b61b096126880,0,1.0984,0,12 9 33
0x453e69a7a1cf939bc831e04512c7d7606aa74bb4,0,0.8063,0,13 12 8
0x06dd464eb28ee618a2ded40faa8b90f66c0cbd72,0,-0.7249,0,9 2 4
0x967081d634f01003b2c5b3d8ea5aa2c55000722e,0,0.6062,0,11 2 7
0xf97d7c5a46e6be78b2fabf8f99f29d3681b7afa1,0,0.2795,0,6 8 1
0x4e048cddf2755b89fef861417307c32454f4e11d,0,-0.8018,0,12 23 26
0xa67aac23549f4c672256b59b43ab0bacfcfcd498,0,-0.6070,0,47 38 42
0x79ebbf86b1cf2fb034e284a25d241bf2a64e2f61,0,-0.7855,0,8 4 10
0x0c6373e6724dc09ff175323a9aa04f2bc3461162,0,-0.6409,0,57 51 34
0xc2e1a16752d699fd7bd090d72d1892d538928a06,0,0.8999,0,5 9 6
0x5afde2eafa0bdc99e4bcba163c1c4d8aebd45f7b,0,-0.8004,0,7 12 6
0xf1c74031b7b5409e1676e3cb5b98ebea39229ceb,0,0.5562,0,8 7 39
0x0835e520a2db980b471c9862eea11bb7add5fa4b,0,0.4676,0,9 2 1
0x6c9fae90819c0cf294a135d07debd2179eb79b02,0,-0.6177,0,83 79 41
0xe71b9534ade7f18267167eec319013191cf9bc5a,0,0.7406,0,9 6 0
0x690db7737ce072c30c08e302534b8e9474b09e4f,0,0.5846,0,82 64 24
0x7e5563bf8b96e40b1dbf4a31dc2c8af5e514c1bc,0,-0.2124,0,22 34 37
0x20830a26323c80c7400d92b85650c70a01cc8b51,0,-0.8269,0,7 9 11
0xbb6fdc6f7d5dd727878512307781edbf54557787,0,0.8510,0,82 86 120
0xd080bfbe1b628f12c4d5a16c59c5923c74208297,0,0.8266,0,1 5 8
0xdb54325c8474685738b92275b2ce981829b88500,0,-0.7758,0,1 3 8
0x8e0b8253196757d746efffd6f589def2e37d84de,0,0.6638,0,14 3 1
0x104ddcee36ace4523b8fdead69ff96aaa9692543,0,0.1466,0,5 7 6
0x5fc3f6c9ca73d3a97bf59bc7327c92dbae884fd6,0,-0.7472,0,14 11 3
0x725843b7f64165ce9b58e32cc0e7c12937526ba7,0,-0.3646,0,15 0 1
0x531ff2d124e0dcff58806cbe1a8d6c40f8a8e12e,0,0.0664,0,17 2 14
0x09af5d1a77d4147a04ac9059b297208196363899,0,-0.3076,0,2 1 3
0xaffa791b612b4fdf73a2587c3d3d1fb1183890e3,0,0.4342,0,4 3 0
0xfc16b6e45b7ddf877ce802b40e9a39e4c8ea35a7,0,-0.8365,0,1 8 7
0x8ac39cf4c267a610170bfea70f47173038f5b168,0,0.9772,0,7 90 35
0x856e4ddecb450d08579da589ace3bd5df43a62bf,0,0.1653,0,4 11 5
0x47cca0e6bf13127cae0b5c582b9ce3485f4576cd,0,0.0523,0,1 3 2
0x8d9c7b862a7cb18d4b58ed8120576a38bd2454de,0,-0.8057,0,25 2 8
0x1bf4270d4a0d92eef3ea2683eef94e86676cc9f7,0,0.4377,0,11 10 14
0xe89f1f194e84ab557f7e52a8983f59cff0af4af4,0,-0.7755,0,3 7 19
0x21a3fdbc4e9201e85ddd58b7b320ea5aa581fcd6,0,1.4017,1,11 47 29
0xfa026ee134c2a1be621a5874cbdaf01577e8089b,0,0.5794,0,10 6 4
0x2c5ef147c8e6aa13eda11e3a45138c6d568a8b5c,0,0.0290,0,89 27 35
0xa0dd4f49dd2a2198aa7e5495a059f9337ff456f6,0,0.4897,0,18 23 22
0xd25fda0960bdd5e0f6c7bb78c599201a8bad3467,0,0.9430,0,107 106 105
0x17664bacea7044c8a0c688303ef88e467baf52a1,0,-0.6612,0,107 96 108
0x2460f5fb1fad5b2b99483d558dd4c5bb7d519b6d,0,-0.6422,0,1 0 2
0x91cba5a19d234f2b07257673906411847e890804,0,-0.7288,0,1 10 6
0xd2d129257dcdc88e34162f4675330a4ff7309a43,0,-0.7666,0,1 7 9
0xc33e88249b5c037d5d7ec70806cafe5b1906d1e9,0,-0.3342,0,24 5 15
0x8a685185f9143ffbbd562f635e35f4a5de3f7ee3,0,-0.4985,0,26 18 16
0x400b54a5f53574a9940ec671f81cde39aa5d72bc,0,-0.7588,0,12 8 2
0x7efd0a86bcedee6013e801a7ccbfe977d0a4ac83,0,0.1436,0,11 13 10
0x6b7f772b7be15a5b274ce17e1bcb33144adc24f2,0,0.1799,0,29 43 33
0x43208c384233cdc41247e140262559928905f45e,0,-0.5738,0,8 2 1
0xc8d3ed7c3b1d68990b08be568d8b051979d7d195,0,-0.7768,0,1 4 6
0x200f1c209dc0b92ad5a4c078319c09605b37ab83,0,-0.6024,0,3 28 21
0xbdd0b7a97044222091d72338bffbecfa78d179a6,0,-0.7390,0,23 4 17
0xe5ba85bd88f4e7fbd72a44f19402bc9993e5ad87,0,-0.4400,0,9 8 7
0x668c12bf2abbabcfd0f0f8ac179fa3d4c05c3080,0,-0.7657,0,12 8 16
0x2b64405188efd872605f46a4abddfdd6e6636224,0,-0.7598,0,6 1 18
0xd5bb20674f79065af212217c42331a602d94a6bf,0,0.7076,0,4 23 6
0x391eef696c7f29ce1ec21dde9e838ee4e4ae9d01,0,0.4343,0,7 6 5
0xade176ff13a6cc97a04e5c30a113971a3e697dd7,0,-0.7416,0,5 6 3
0x247366d165cfc042358657290b20585934009b60,0,-0.5709,0,0 2 12
0xefbb5f2e53482f80b80ed4ecdc029f5d3c220546,0,0.1261,0,21 20 1
0x5076f57184a353c1f6af1787483bb12a72ce97a5,0,-0.4195,0,1 0 8
0xff123f56cdd2487a864a222447d24429a0fac036,0,-0.6802,0,109 51 98
0xa17c1de7f2c9d51cc01d75d11a37b2107ff36b86,0,-0.2452,0,14 3 27
0x1fc8cfbe9c132935d20df6155f86c6bd670edd96,0,-0.2947,0,6 5 3
0xa15c636c79abf96b4a5f13f15dc3f4ba3e9e9b5c,0,0.9718,0,3 20 12
0x1c8136536ec29d804f2de7e7390befff262329b8,0,0.8371,0,37 40 35
0x90df2f053125073cfeff7eec610dd506192b5f4a,0,-0.2706,0,1 0 3
0x8350de63153b80fdf572fe2521c6db9c21f54473,0,1.0644,0,7 24 11
0xc59ece09054822e0f9080547f36860ffafebf17f,0,-0.7142,0,2 9 4
0xe01a8fcfafedb09b134a1a747c37161a111974ae,0,0.3583,0,16 14 2
0x6e5907b086a082c5e8d62a132941d003084dad2e,0,0.0783,0,10 4 3
0xa3da54305462da29b393591538c49f6a90f6ec1e,0,-0.7186,0,8 40 109
0xa71239089dd8e2007b415335b96095453ae4e304,0,0.9738,0,9 12 4
0x48333b487c594ef1e6b3559f2a883178e9d5fb45,0,-0.7474,0,1 5 9
0xc8a6d127bb1ab25faca8fcd86a9ac225468e290e,0,-0.0816,0,21 14 38
0x97db197ed4b7bccc69f7731945d244855ea8cbf7,0,-0.2363,0,4 0 2
0x100e95eaef8c442f6ed8fb4b0445c9566697908b,0,-0.1777,0,0 18 20
0x59dda330cd883902c41d96dbdbc23f89ee1d0dc9,0,-0.7474,0,3 10 7
0xe038c3702aa1ab9ab42879c2cfa04db2a33a45fa,0,-0.6408,0,168 89 167
0x115e116cdb8a219b417d2320b2b7bd2699e89aae,0,0.0054,0,22 3 26
0xf7e41dc3db129cf23fa43c2c1070971c583058ee,0,-0.1618,0,18 21 7
0xfb55fad7dd1e1b272ca0ac809d5153c09e90b4e6,0,-0.7312,0,2 12 8
0x25ca33183af36040c467d17985b7c7f680b63a47,0,-0.7890,0,10 9 8
0xa14f8f201a06899fc1d98675810864431cc7641d,0,-0.7600,0,13 7 6
0xc36b2dd6cdc74f39b8e1644f286117a1ecdd26c6,0,-0.3313,0,5 4 6
0x493897566d25eed2377c35029062230a8a71410e,0,-0.7910,0,5 3 8
0x67614bbdc72174fb95195c1a5db1a14646526e38,0,0.3589,0,1 14 13
0xb4a5d48ff92909e66dc2d310f817862d561241a7,0,-0.7353,0,12 16 15
0x7893220b926057884571669ec87873886209fb25,0,-0.0403,0,5 8 3
0x1a836f449645e893a31a8019f1dbcf368adae27a,0,0.4690,0,12 10 1
0xe3f6f87b58cf3475785974d223b974daadff5c00,0,-0.6289,0,43 63 47
0xf093814b7dabd7a705f260545ddd4652cad23944,0,0.9130,0,14 17 7
0x13ca429e820cb489e5a551889f21b7abc0aa2e5c,0,-0.6813,0,59 27 4
0xc6b0bb1dcfaedf1c4fd82c5f5b7e5e0ad120adcb,0,-0.2278,0,2 10 11
0xb98b968591f474692f04868d75e9c924b2682c19,0,-0.4432,0,5 2 3
0xf195569f63ae746ff0f4207b80bcfc8108196c6a,0,-0.6242,0,7 43 41
0x8d76a71faa0758eae0791bcf9bb2956cdb232da5,0,-0.0662,0,2 1 0
0x6a46f562ffcb7ff246c5eb6b69cd76b296c0aae7,0,0.7960,0,58 83 53
0x62e206f1a2e2efa5f7f05253c5f17c3b5c42fc14,0,0.6419,0,5 1 4
0xd3167e2c853c82033d837f9b67debb0f40311d75,0,-0.7323,0,1 8 12
0x5333a17d1ea46b5b5319eda3f4e593ab25de8c93,0,0.4509,0,8 0 12
0xe110312c14193e1532689c9e2ed33d96bb1f9936,0,-0.4665,0,194 43 193
0x310d3777d661e1500c3b2ee8357648f758091cd7,0,0.3160,0,12 3 2
0x1e252040059834de8a235ac23281acb81f6ede46,0,-0.1945,0,13 0 15
0xb798a843569a9ab5de740a5beb905bb1bb5156b6,0,-0.0427,0,8 1 3
0x98ac2e3941a60b6292736c207c0b5794ce3fb7c6,0,-0.3329,0,13 17 15
0xe8fbda850fff6e84a45246bb138adc50a8943f51,0,-0.7665,0,9 1 5
0x40949225c4a1745a9946f6aaf763241c082cb9ac,1,0.8523,0,88 140 89
0xe00e1f7117a69c34694ac1815177c93491fc448f,1,0.9034,0,86 149 26
0xaf5bda8f8b954b03474305fd148c8361cad4d2cd,1,1.0459,0,35 3 36
0x4a8b69bd663e6967a118456a30a51495bdba704c,1,0.9153,0,17 52 55
0x685445fe51b31790538890a6468851afbf7a0519,1,1.1106,0,41 93 166
0x5208d7f63a089906889a5a9caed81e9c889e64f8,1,0.9875,0,162 76 28
0xea3a8bd1a99e16160832d6b473ce06c1058dff7e,1,1.3914,1,164 76 156
0x3b5744c7f340e0d2dcf7a072a4c963b9a43c982b,1,0.5642,0,14 25 45
0x20a7a56175872acf6d3a8566eb7af76e01900c84,1,0.4444,0,11 17 13
0x44a7ff01f7d38c73530c279e19d31527bdcf8c78,1,1.4583,1,95 15 9
0x0e0ba79cb92e07555ef7a3fe9e18ba33dd0b6d29,1,0.7042,0,7 3 5
0x69f8e87518129498da751f26ea2309db05e7270b,1,0.8627,0,141 36 54
0xc0daeff8088d77dfecbfe525af535830be607bd2,1,1.0216,0,114 164 85
0x33f74739ce6be3b2c38af76f5adb3866cb4784c4,1,0.4470,0,38 25 29
0x474057adf42f9f955e86aa1142740f9d7763e41e,1,0.9871,0,65 22 45
0x44525c8dd44b9d470937cc9e7a0275eb14c7b01d,1,1.1271,0,62 6 27
0xba8a5cf96d605b630025e3e2c8bd177391e32122,1,0.9469,0,14 23 5
0xb53fb00e8635be2d0ba259d6579650f5a907ee16,1,0.8173,0,25 8 6
0x3232d99007e509d29564099c622a89e143fdc05c,1,1.2761,1,5 20 13
0xdb53ce480bac3ce96fdb79fae1156f80b6925e05,1,0.8181,0,19 27 26
0xbb1d293ac46180c7fe9eddd43c12e3e44d659e1d,1,1.1797,0,131 0 144
0xb08e4aa5ff20d95e707510880b6134c130fa286e,1,1.1058,0,53 1 45
0xf3a3fe3318722e1d060845ad7760cc98abe6f977,1,0.9485,0,80 60 59
0xe9af2cf13744b7afdb7e6f3aedbf56f34744f013,1,0.8207,0,15 8 5
0xfa1f0b67b9b48b2e87467d72f09722e19ed601bd,1,0.8835,0,13 1 8
0x831ee6baf32c7f558d90dd8f16a45e2928c23131,1,0.8911,0,38 10 52
0x1e3c07ce10973fcaebc81468af1d3f390d2a4c71,1,1.2269,0,27 176 170
0xcdb26199db086d54f7b11e50ca4374b4dd9ce13f,1,1.0556,0,100 16 1
0x7402f8bdea1d05f039c98d78cab0da6740fbbc3f,1,0.6325,0,88 85 136
0xf1a4b668d15f0e66543e9f1f795cc2b0f97e3ef2,1,0.9570,0,3 5 2
0x87dc2b91bd923a9c43047102c671e7cffefb9fab,1,1.0958,0,3 40 35
0xd8d0506ed425364ee126819e8b73fc3160c39d49,1,0.9323,0,65 1 26
0x588c0e4af4bb0cd6e63e898bf8ad555452297326,1,0.6935,0,144 23 138
0xff714f17dcf5d9db0cc3b814e415ace61f6cdb09,1,0.6777,0,33 65 30
0xd754b5bf41b84bcb49cb952f858318640abc60e0,1,1.1718,0,47 42 36
0x2eaa87226e56254e355eeb320e657786a2b40599,1,0.7377,0,43 61 10
0x4121cc82607ebab3f334e067f37fe2709c403bf6,1,1.1374,0,159 110 9
0xb836fa488f5ba9e49b0abeb807d10c1b13078045,1,1.7117,1,9 11 10
0xbfa82fbe0e66d8e2b7dcc16328db9ecd70533d13,1,1.0989,0,101 102 99
0x4113c6ce4fb936d087e92a55d5b3bfdd275b1d3f,1,1.1679,0,76 51 71
0x9ef89d10d8c77755bfe263903966eebb73f721e8,1,0.0325,0,19 33 84
0x3cbd2e6143f057bd49ffb4c7058217a5900c35d3,1,-0.1861,0,74 126 64
0xecfcaa9830e7d4fd6ab5932846d38a2c42b33e11,1,1.5278,1,101 99 33
0xd33441a44da0c1dcee596abb7ebdcdba77c7ddbd,1,1.2811,1,24 9 12
0x8090be0a2e999cc78d89a864334d8c9bd0dc899a,1,0.4493,0,18 11 10
0x7c875ee4d4a1b29b41ebb2678df1f645f28d090b,1,0.6756,0,9 6 7
0xe009321b26350c2cff5db607068c1f6813df40d7,1,1.1344,0,2 9 13
0x89474953d6bc8275b88e331fdf1a92d552563712,1,0.9852,0,81 77 85
0xdb43de62ab5577bab0f2aaf6ad1a2d01ec527426,1,0.8287,0,12 20 9
0xdf1ec2e44a8b1774b068ecfc5ef1c937a86baf3e,1,1.3791,1,59 83 2
0x4910e010ebf5b3366d1e80a134c1fa538ff7994c,1,0.8159,0,3 15 5
0xb020561cdcf6c68b1df1ac5cd3a682c7ee352aeb,1,1.1368,0,15 2 1
0x6d0b90ea2951ca5ad3abdb606e4146e9765f1ee4,1,1.1209,0,78 171 38
0xdafc2a2d4e070f863cfcb5887bc2516e05e18877,1,0.8779,0,41 36 45
0x645125230e924d2db84be4cabf946c87d5be8935,1,0.8576,0,17 16 9
0x358ef89b4d37f16002cc4a853b321daeee423519,1,0.4674,0,81 61 87
0x336a3f0c4d40b1e39cee72e2e59330daf484848c,1,0.9994,0,88 107 125
0x21f74c6bbc1e3ab9f0205e12de3a9daa14351aed,1,0.8506,0,151 190 19
0x0a9f58ee19a7131ed031ea66a032c05c7efe965a,1,0.9832,0,53 19 42
0x8ba9512714fd69be49883e755cfb82ec46c6bd11,1,0.9343,0,7 1 9
0x3e53a430c39896daf1b241828e3b5e8d526503fa,1,0.8860,0,12 24 2
0x69d07b6d25f32c26faf4170aebbf5c602d6dcaff,1,0.2472,0,45 129 88
0x438e4bf92d25bced517ec3aa211a8e453e3ad80a,1,0.9965,0,8 9 3
0x701888e9c68f40201de48d9d4bcdedeb2ef2b088,1,1.2485,0,51 86 52
0x4810b1571775dd861c61d87fbea1008e030a8ddf,1,0.7333,0,12 3 9
0xa6626a8a85f2032930a25d278ae149191e3ba247,1,0.7618,0,22 2 14
0x1f6f1723d0db4e9783b7171392b6fa9ae1062fd9,1,0.8667,0,3 119 115
0xb1daec35b9774288fd3895a30912961945878046,1,1.3055,1,17 92 71
0x4f00b95c625c6d6ef72748d78c750fd6c84a8b85,1,1.1671,0,158 80 105
0x84106febe96b45d1a6cf1dceec8285c46faf25de,1,0.9649,0,28 9 19
0xe349b26753eca84a2858901d414c612c8c8e20f9,1,0.5831,0,2 33 25
0x0f4cf489c65f5001843c525e1f374768dcad9b99,1,1.0214,0,1 5 23
0x4bf722014e54aeab05fcf1519e6e4c0c3f742e43,1,0.0326,0,119 179 185
0x5b39067ee0309856edd13f23c9c1793f9fda1b4f,1,0.9413,0,106 3 93
0x41adf29532a797e6421da918003e80ec70535dda,1,1.1286,0,42 8 44
0x6aef2850c2ce2ef583ae8a36be3357080608bdc3,1,-0.0254,0,59 176 61
0x9af3bf0b0a117d3fbfb37dfc7fa67f9a645488fc,1,0.8199,0,91 52 36
0x28f4c90197238494d309446c277b2ca93646e88b,1,1.3027,1,18 38 101
0x0fa3202e9f247f9349352c4296d2bbd6c7fa11b4,1,0.7304,0,180 174 121
0x13098fdefba2129b8873bcff5c9ce2de1cf7f32f,1,0.5509,0,7 61 144
0xe4fd64c52452aa7933a26c63198b13ee6b87a3af,1,0.8316,0,11 57 27
0x64ac294a477332bba968f790ffa089647bb762a1,1,1.0334,0,1 19 42
0x54189eab44661be1b081b4535c050230a787d816,1,1.0642,0,42 59 8
0x5d82db63cf0c54d47006d416bdc7dab09ea2f3f1,1,0.1273,0,15 5 16
0xaec2cc8986bb14c0c604d5adf725ba33920102bc,1,1.1707,0,189 188 65
0xd64052035cfe91e85ca648994b0cedb178df0e4e,1,0.6383,0,15 1 3
0xb7c4a4341c0a03460b6cec4fa997dd2d748ce281,1,1.2468,0,15 6 7
0x545b0fdcbb2b404b26546521d4d183c2538509c2,1,0.7374,0,53 84 40
0x3e9da7727830f8c48dafadd8246069c4481e2ace,1,1.2543,0,29 23 19
0x41466413f0c7f11c5b1af39cc1344af9d21a6d57,1,1.1705,0,11 2 19
0x434e9f6a1ac134fda3e7ceb3fd67c3d9b3518737,1,0.7740,0,28 29 27
0x908bc24c7fad5b870f2936d9425383f8ea9c80db,1,1.1224,0,29 92 102
0x2e3a5deb080fcabc9ebefd5c871989ac507c94be,1,0.4248,0,12 17 25
0xfe68de56a07cd3af0ec40c22b0193115ecdd0501,1,0.9593,0,49 8 52
0x2e462fdef8cde7db82aa3f7c627731be94f7c9c4,1,0.9411,0,28 33 16
0x8dbdbb1daa5ee7a45dcc5e23d4aadacf7db9bc2e,1,0.8361,0,164 88 89
0xfe68f28599b19c5d8a562e8cc7f7b07c36e0a99d,1,0.0797,0,164 0 42
0xeba3dbe720092b2c120fa5b6752936477ab4ec6b,1,0.8539,0,37 55 11
0x604da69d33a0df6414c30270434ba4e0e95d8cf6,1,1.1375,0,24 111 30
0x3d849340d298955d62b73126823b4594feb1291d,1,0.6410,0,140 132 110
0x9e50031deb1f02d58abb9b4fa87a8ea99636b411,1,0.8426,0,49 13 2
0x8fc07640bcc475aebc70fd8d3580dadfcbb51f74,1,1.2500,0,189 46 192
0x7942ec88b93ac9227957a118d8d09aa736c886a1,1,0.9392,0,52 64 8
0xd0206f494e1834a0ad76b202bebfc916317884cb,1,1.0607,0,15 24 108
0x7db9656fc8435f765df5748e32bf329098ffb5fb,1,0.7917,0,10 24 30
0x4c6bad785ffcf6c0746f53dbcac9c5e877f75bfa,1,0.9151,0,2 11 40
0xaf31bf4fa017768e6426308cf17e16d633700265,1,0.7810,0,1 5 6
0xcc66ea7ef61a67df02afb18706c68a5f30b22300,1,0.8928,0,65 106 83
0x7d52327b12afaead317552a1e96bc55eb8e0e52c,1,0.8173,0,97 17 55
0x2b164ae662a0ab1832c87cb4a226efec56219fb6,1,0.9167,0,5 1 27
0x75ef676846732599862d0091fb485e7486838fd3,1,1.2280,0,146 199 44
0x40a082e89ffa93d4425e169e54a1c96774663f37,1,0.5297,0,24 33 32
0xf9c8c57fe9eaabc5dfef8a8d03ef308f2a28c91c,1,0.4960,0,40 70 144
0x2223d0e991e67830f9184171e2f5a44c1f0dee09,1,0.7767,0,15 33 12
0xc4b1a260735fdc817409183db8594baf9f0b0f2f,1,1.2244,0,1 14 5
0x0dea8a35f4e39cdf65d3cc11f10612e9e0278b60,1,1.5959,1,22 72 57
0x69a862e6f6837c2c4a74f53015e797855441e789,1,1.0123,0,7 106 167
0x52beed3924b0824411d03ea2fe51e429717dcf10,1,0.7647,0,16 11 14
0x66817272d39da7fd4c552f430fc0b694e357c157,1,1.0063,0,10 33 17
0xd0cc2b24980cbcca47ef755da88b220a82291407,1,0.5470,0,29 49 53
0x7e3d7d8e31b3f472fcd3c1552a9f009131c50c6c,1,1.1806,0,110 107 52
0x4aa65136a914a90864c9244e6183e8137b632c16,1,-0.3828,0,2 43 8
0x91af8014a7f74ab1cf1eedb0aa96f58dced95f38,1,0.8126,0,57 55 94
0x560833296ef7a7f41b30c1065225fa9b33830c19,1,0.9684,0,14 1 92
0x62e8aaffb7568cec94b0e15e7b4d859302d65ee9,1,1.3370,1,16 25 95
0x0d9786138578fcdcce04435592545ef08422d755,1,1.2315,0,24 21 10
0xce9e24dffdb3dc08efe33ad3db858576c3f27d5d,1,0.9135,0,1 11 4
0x5b27531228d8c65a0d2adcd8903fd3348f768a11,1,1.2170,0,17 16 66
0x54b623c82365ef20680b17301bd949bcd5599eb9,1,0.7824,0,9 21 4
0xff2f6c6fbd71a078f1c1781855467d30897b5a33,1,0.7490,0,12 15 4
0x1086feeb031e45e8fcd770662aa8302d7c23ba1f,1,0.8984,0,96 104 51
0xc57f1148855e67763a694f7f2c0e68230adc686e,1,0.8842,0,27 33 68
0xba83e9ce38b10522e3d6061a12779b7526839eda,1,0.8441,0,55 57 191
0xaca33c43bd8deac8e1d144baa51fe9c7dd7b010f,1,-0.0884,0,39 43 4
0xf2bad87c0d0ea8bda69c722368df4f79d92ee6c9,1,0.7589,0,174 173 71
0x4d517d272ce8d879d8891518e70153b49d2cdb96,1,-0.2074,0,199 188 189
0xf6eb7d25dfb8cd1d8fcb8d1cccab9f6f3e594ea8,1,0.7781,0,18 12 3
0x60afc5761212ed59608b0559b4ccbaad24fc74b1,1,0.9733,0,41 77 51
0x6079ca4a2d8a1b5d2a31b482ee9e5eb6ccfec368,1,0.6391,0,106 114 157
0xbbdef8b12babd3ab6018566bc17ec3aa302b8348,1,1.0271,0,27 2 41
0xd0d68941509f4231c88e4c204df6bdca05cc6506,1,1.3270,1,130 129 38
0x5580fb6e95230bf16ae7e2c6467d11566ed5b3ea,1,0.7121,0,22 26 2
0x096c39ab4fa36ca74a36fe1f4767ff487762f0aa,1,0.7962,0,31 26 8
0x0a10c493bc6f7faecca5be1e82d7fd7fb3774049,1,0.5997,0,29 13 15
0x43cf35aca5ac49ba8462fa02de96e9d469e9188c,1,1.0666,0,13 25 69
0x79a9e902cfbe87fa5065905293992c15de7f6095,1,1.1259,0,2 11 8
0x175f6dbf87215a6da7107977b4680bc3db31b2de,1,0.3964,0,12 13 9
0xca2909f8c9e9f656eb468d53c84c23063e2dec4c,1,1.8823,1,37 16 57
0x1e442d0461bd7a52fadb9920f6ed5bb3cd8ff75d,1,0.4793,0,3 16 20
0x45f7582fd6445918912977b9460475b5524cf962,1,0.8606,0,19 16 15
0xea05f37657aed5d6066c42c1458cdd1aaf48b80a,1,0.5316,0,19 8 12
0x1f482b4fff9bd0054242d42cc3339fa2957d4227,1,1.5611,1,57 18 17
0xa0bf76c8de60a1089fbb8567b2beeca6ec01ca32,1,0.9908,0,29 101 165
0x0b7f284d74f549731499c44aed2a10adcc9e9cc0,1,1.0506,0,9 33 8
0x6ab2a9088916bf97c248888009b669aa37bab681,1,1.0589,0,124 53 77
0x05dd62c007cde143b402fa5da3937c40c70b4b14,1,1.3691,1,109 108 27
0x9e19462787be36e5e3676ad2428b26599bf9866c,1,-0.7003,0,129 109 47
0x629b2aa7fdda8f7527d6f8ea742c1d5774e567ea,1,0.8355,0,28 14 19
0x23d56797f64640e96feaf57b7874c897b53ef0e4,1,1.1827,0,37 50 41
0x34b6341655061f4b5830cd1a7b20a3516043af57,1,1.0900,0,11 2 5
0x9f4562c9be26c7020909b50ccde3447f1b8c4b21,1,0.8843,0,20 25 34
0x72a66bba491f0c696c4c4e3154d07b241d371944,1,0.9050,0,9 13 17
0x94d55b6f8b53903026399ab45294140eafbfbf44,1,1.1162,0,8 16 9
0x3f8a37bde9b15b65c82f9cdd00192e0ba36cc5fc,1,1.4934,1,54 62 65
0x38b9dafe93f0b3ab7d35ac42165b73c0f3c5fd8c,1,0.8484,0,0 15 8
0x7eb28833082eb28fd423ab30df20afde98c47dbf,1,0.9528,0,28 60 45
0x8f3b2406f87f11ac30bbe462badef1588b2cbfe7,1,0.8428,0,35 21 6
0xe3224fa0197de258ba065c35380d7dfd2396ec89,1,0.9386,0,1 64 27
0x51a9e2b5164dbcdba34d47e60dd435eb7f7a81c3,1,1.0746,0,6 4 22
0x46cd13ad73b0260bccec6e722c42a7b76ae19b67,1,1.0984,0,18 17 2
0x897192c1dab98e1165796881c74203156af28b1e,1,0.2400,0,17 1 50
0xa5712afa19d70bb5dd57b91c43fffcaaf077dc3d,1,0.9350,0,47 40 7
0x6642cec9d02e4e669103a3ed4f3505f437b8fe73,1,1.2712,1,0 87 130
0xc77dcad596e1e8277a2c5a6f985c2e21ea905687,1,0.8661,0,4 7 13
0x9eb041af96d44583110565abec79aedf22eb60b5,1,0.8342,0,18 10 2
0xb8f8881f561f7a1d8c44d3d38e9d5bd7d88a77df,1,0.8158,0,66 42 41
0x4e87016fd144e1716b9985afb704fc359d243a4f,1,0.6241,0,110 134 47
0x849143a3d086c1c3d06a2d9b6a7e70a7907608bb,1,0.8716,0,111 132 125
0xac2530772075b7576a7b27390e348fadf3345c29,1,0.9700,0,21 11 14
0xd93a9eba0b33896c629a7febfa2503f7ac0fa3af,1,0.8594,0,10 21 15
0xc348085a86d14f9ede78a5ddd5aa7fef232c9950,1,0.6862,0,16 4 13
0xc71943c6411dd88aad1e5b69da551f16596d73cc,1,0.7428,0,8 14 19
0x32672bd5f7f68ccae5e23986a11f89b51016145e,1,1.0914,0,14 12 0
0xf23a5c61e951b198adbc59e1a05a729c043d33d5,1,0.6971,0,6 20 16
0x2f93947429c9a9c740c3aae495707dd902b3382e,1,1.5290,1,75 104 101
0x1e857859deb11afd0ca7b760f21a3d8ddb03dbdf,1,0.7035,0,2 28 33
0xca4da1753336aa8340710e0e1a8c0bee2bfbf56c,1,0.9894,0,23 3 14
0xb00548770ea87482f024cd4292a975fea72e8f01,1,0.4289,0,114 106 198
0x0591a42188996397fc7cd6db729045146c37696c,1,1.0960,0,18 68 106
0x020b1573f2ca670190d33ca2f0a57b0c0399ad37,1,1.0495,0,25 42 39
0xd11d565ba23b523ef7737aa24bdbb75a06521d87,1,0.6225,0,12 3 0
0x51146e9e0556393181e8d7dea13581d30062c0c0,1,-0.4213,0,51 63 186
0xe0e1df65a64c5ae18b86463e30e96d1a657e42c4,1,-0.1620,0,12 85 9
0x86ddf5b305b9081fb5208e903edeb013510997cd,1,1.2200,0,8 6 13
0x1cbc864ea74e0f23f103df8623ba56a01b1eda59,1,1.0602,0,27 1 15
0x2789b7b3557f39643198433daebf6b43512be65b,1,0.9372,0,1 20 26
0x8ee48417e24a1903b11056aa904f8de887c2c350,1,0.6805,0,28 16 27
0x2ede4eb0fe6ca583b5cf9fdc5c100ecea119da7d,1,0.9713,0,11 53 23
0x645a58a563ab8c94207e8faea54bcb97e02d23c9,1,1.0693,0,35 34 1
0x713a6f26525b24581cbe20679811af8680abdddd,1,0.8128,0,20 11 4
0x37c85a7523b1832b4d0380b2f513e88b66e8c850,1,1.1057,0,6 13 2
0x2d791afb30b48a0ac39e6b416d2f46aa095b1704,1,0.8167,0,3 25 2
0x700cee07ac5ef32bc2af762b10f5d85b97a55261,1,0.3413,0,49 39 33
0x45e7c24e67df934069a2709c5b592f950bc709af,1,1.0646,0,43 8 15
0x6c712ae4986342773edc37a9ff7fa90b1b52ca6e,1,0.9828,0,6 37 33
0xd8a054e24dca6ab7327556262bd186902095b893,1,0.8802,0,38 40 19
0xacba5dd5b9ebe3c64ac95144c235dbc8bc713963,1,1.0429,0,34 2 26
0x4e360faf9f228452af65c9b7a89ae023363672b4,1,1.0160,0,2 54 19
0x3de08b35c0e7f255f37a5dace9bd8eb78e99e985,1,0.3274,0,34 27 35
0xa443544c3e83561cae1a4ee9b7f152ec54e89116,1,0.6562,0,5 2 4
0xd52fcaf53cd3efd7e1d484fd9cd2dd21355063e5,1,1.1110,0,8 10 6
0xbb8059d1a8d61dbc6f7ca36c597955c2110ae259,1,0.7599,0,22 15 30
0x839db3994bef8842c0809ab84996ba839fcac11e,1,0.4251,0,24 18 3
0xd0acac843aaab4cef20b322405405e67e90147d1,1,0.7770,0,17 8 5
0x6a1dea6f4c9d48035d855e8399e20e254f0ce1ac,1,1.0444,0,12 17 16
0x6c561b72f34dd3727fc1a8c22c0bfe00e5cb4bf0,1,0.7603,0,9 59 31
0xf87d8c781979e4cfe14da4366617197bb6f1f235,1,1.0872,0,72 134 27
0xb65db9f684f3bfa45ad3fb4cdc4120618ad81f00,1,0.8910,0,15 24 9
0x9c29046a4178d15aa7be23e6b73ef0f2e429a9a1,1,1.1468,0,7 9 11
0xff481ca14e6c16b79fc8ab299b4d2387ec8ecdd2,1,1.0854,0,5 11 15
0x9ee1e7d4f70a698689557b6bb67e8b6555e36d59,1,0.8464,0,2 19 56
0x29e225d888cf11c5e67613bffd30bcf071eb3d4a,1,1.0989,0,23 50 57
0x0ef2724a6d8be9f72f3d35b62e1e8a37ceaf721e,1,1.1940,0,14 1 3
0x0697f9d4db21472b3461aa07be39b16cd5b56eca,1,0.9835,0,0 35 36
0x62404bfb3e1c464f17e3af0c139e39d0703ae4a1,1,1.3671,1,19 17 2
0x3853ba76ec6ae97818e2d0e0839c9eda6c396690,1,0.9303,0,143 142 146
0x1ed427535098ed38b5e65d1d8852b63b3ea259cc,1,1.3729,1,102 18 5
0x0a888f0f0b772e17a2adfd62d3f15cec72c8d42f,1,1.0264,0,18 7 2
0x3a878eddb991ebcbc7c8052055b2e5ed5d0d1ba4,1,1.0065,0,85 86 28
0xe344e4b209e8eabaa2a6ddd1b0aa120b7599af25,1,0.6586,0,22 24 12
0x0a5650aba6473c48898f3d9366b52c21a4eec37b,1,1.0700,0,47 11 33
0x7e25f33c1e3402f2197dab251ce2d73cdbcb77a3,1,0.7074,0,24 19 14
0x34959919244b18128d084834dba11f0c91732ede,1,1.6545,1,64 24 33
0x418cb18a725a8b1043d2fb402bb71cc29e42e2e9,1,0.8883,0,12 26 19
0xc01873f70cbb68141cef7f0b5188b05e887ff390,1,0.5189,0,15 6 3
0xacf90f51d960bd6038e8a2ee7eba13cf714cffbf,1,0.5834,0,8 10 5
0x6ed3a51fd727d5bc98ac39476dd4e129ea96087a,1,0.0595,0,65 48 46
0xff8e6af02d41a576a0c82f7835535193e1a6bccc,1,0.8880,0,102 11 5
0x8a0e85901849b40a7f80399a00f7115193c0bdb2,1,1.0475,0,34 7 31
0x1c50139c266559b29d7cb27635e0da13bef76a09,1,1.0254,0,2 16 11
0x5b77e6ab2113e7f721e90727de1468d3a20fd9cf,1,1.1724,0,48 40 14
0x257890939f7c0b758897f7bd49a590b7190043e0,1,1.0856,0,14 0 5
0xda657e9fa116900fab8178e5580a3a6cedd89f3c,1,1.0137,0,81 77 144
0x1c39d6e0278d1a28ce21dbd73826559b010224e5,1,1.2471,0,15 9 14
0x2276f412d2ae5dc2cdc293b0df70a8273f6f6771,1,0.7093,0,13 1 11
0x17935dffbc228397d2f5a67061867804cecacae8,1,0.8212,0,16 4 10
0x98c29afea6f69b59ad1790ce2e0effc0bd38433f,1,1.0849,0,1 39 26
0xa7b8edb0583b478e2b7c431feb4bc6629a6cd1e5,1,0.5953,0,17 52 49
0xa2a3a8e4a1877da1c913df7591ac0d72f27d4510,1,0.9544,0,2 0 9
0x0059b14e35dab1b4eee1e2926c7a5660da66f747,1,1.1895,0,27 37 53
0x21918461c6aeca5eaec825b4746d64a0d4028df6,1,1.1057,0,8 1 11
0xe724ced12b16bc51aad7514d498d527216a259dc,1,1.2089,0,50 131 97
0xd79eb898431ea62636f08f738d10eb00446403de,1,0.9658,0,9 27 2
0x75855a2c5cd3de7c7d7d1a0fa9a9e5dbcc6eed87,1,0.3429,0,35 28 178
0xa8b3c9c2a45d68eb435b5f3ef6712fa50cdbd996,1,0.7509,0,33 6 16
0x35810a676a84ec4db68c0a9286f7a740fda10b29,1,0.3525,0,12 9 10
0x501577cd4865d7d50664a1519a79f1c0e7069154,1,1.2910,1,3 22 4
0x3681828da105fc3c44e212f6c3dc51a0a5a6f5c6,1,0.9800,0,24 39 3
0xbb53be0690ae7256833099a1f01125eb33445692,1,1.1161,0,24 78 89
0x42e0d29d1cb3a28d748a7ac2d06d679329022c72,1,1.2059,0,9 5 4
0x41467711f2d1f6021119ffb113ae0e78251b45fa,1,1.0443,0,42 54 47
0x964432e4cfdf1463167d21815bcf9463cf19ea49,1,-0.7529,0,38 32 20
0x785a751b2e36b2b0fdb80100b7ca14889a768a22,1,0.7970,0,42 37 45
0xb9ee29ff43d319c126ed2dbdd74d49a2659ede56,1,1.4311,1,4 5 2
0x76f6671887cf6056344d999e0f326a80a4548710,1,0.9806,0,12 1 19
0x8d305fd29aebd6e0562de9321d55e7f0e6fbacad,1,0.9279,0,11 12 24
0x4482b379bd92a12001cd71d9abc10a4b26b9ddf4,1,-0.0960,0,62 11 12
0x6ddfef85ecf643628254e5af7064e05b3c6b221e,1,1.0218,0,1 6 19
0x64f3502c4b6b7e7f106e7ab1f175a4e2c2fde45f,1,1.0937,0,15 62 131
0xcb515d908e72dd0e3793d285f4c8208cf0dd592d,1,0.7760,0,3 11 16
0x7cb3ce3248e7c0cd320f3440d437a92a54f541f0,1,0.7366,0,9 1 0
0xb53e95a4b7c5e15a790df3a66709b2e9f1cf9e3f,1,0.6797,0,8 1 7
0x4ef42927687b96cffadc1fd1037898a8c3d5d418,1,0.8123,0,51 20 11
0x06091b32533835265bfa6ef8b32b04747ba77bb2,1,0.9574,0,2 16 4
0x5e5d6f6706420f932d796c0f28a83b26dabcfd8d,1,1.2895,1,14 9 6
0xa82c7c0ef05080463e4ac55db8b8531007f3a66c,1,0.5081,0,3 4 2
0x6c653ca88eff4c9301023244ff49d506e5a2004c,1,0.8747,0,7 15 14
0xc169a0e826f22fc7d37a48aaa346ffb4521c35cd,1,0.9909,0,3 11 10
0x1e071281416b20ac2cd50d2e8093b43f8526940a,1,0.6717,0,66 74 51
0x57dcf20135b0cb9d167e8ebfe13b84bfd67645ed,1,1.0872,0,4 1 8
0x6ec56fb2436ba6706cecd42403b6a1b69ff0817f,1,0.7899,0,33 24 23
0x934a0a1bfe01eeb4415689d8e66e56e3f1f13077,1,0.5761,0,9 20 12
0x008f3db10374099a11ec263415cb88c952abeedc,1,0.1197,0,2 1 0
0x9113b3349842ccddbe0916b2e6d20e94983fd971,1,1.4791,1,6 9 2
0x2f141d0cd81011436df8fa04bdac01cb6cf51a65,1,1.4022,1,5 13 8
0x81053c561fd1e5305d05c651fcc2ae7c4ae2cde6,1,0.6814,0,4 1 5
0xc440015b2311b109949309a81624fb4dbadecdd0,1,1.3853,1,38 39 45
0xdd52cd02e383b7193426f1626bb9c33110af2148,1,0.8022,0,3 9 2
0xac14590ad8184a48302f59a8baaf924b865de4c5,1,0.9175,0,21 3 33
0x570ac27d1048dcba1a4c58fe80109b9cf9b0e2ef,1,1.0352,0,41 12 27
0x4a12eeb35bd5187be2d26e0fe8b906abd88b6897,1,1.0244,0,26 8 20
0xce82f4195c47110978099f86d2b33a8135f71974,1,0.6353,0,20 7 18
0x8b170540b63d2f826846f3c0b9e6410b08548ec3,1,0.6014,0,10 17 24
0x8444173280e5fdc0525494638123b014cffcc521,1,0.2322,0,36 63 21
0xee14140f20fb737809ca206c238382b3f802ca6c,1,0.8062,0,40 57 76
0xe704802a03e7657647b325edc2d045e76b3c1d73,1,1.1602,0,12 3 11
0x9d4b62503b4b7993182323effe6245f6d77e4413,1,0.7361,0,4 16 11
0x4711c198e6f04c02413794568990b6a835e8ead9,1,-0.7245,0,61 67 70
0x67470e92a9a5b61b80c43a0dc160eec08fabf1b1,1,0.9349,0,18 14 11
0x4bb1c210e3921e0f051ed00e898b9605c902114e,1,1.1900,0,18 19 2
0x2cc762c27a50d18e50efcd3bee9e3154e3bb094d,1,0.7764,0,6 9 5
0xae9dcec1fb0814ca02ca1e6690d05f33488b4c8b,1,1.4764,1,12 14 10
0x5ab35e76fad0e983d3f241efef7272b127aaa617,1,0.2330,0,6 1 2
0x58f288f0a8c287f5922c08d9693c045942609f23,1,0.8219,0,136 35 33
0xaa1886de3f70a3ef502ea1379a311c5b4e05f3fd,1,1.2683,1,62 63 6
0x1691b2f9986598e12c57aba5be50ebd5346247e0,1,1.1516,0,7 2 3
0x354d4f3eb48be676a030f98e2a6c5bc06b96e249,1,1.0171,0,17 9 14
0x44705e1d11142cd7b0bdfb2ecc0c63784a31f14f,1,1.1500,0,63 60 38
0x8cf893f11f6037b14f0f827b9ed6aeef38931fb4,1,1.2210,0,3 22 10
0x21cc4144c124742762f82120456fbf0b35249791,1,0.8170,0,26 25 24
0x4dd0ef53784030fa675e2677f9cdc2a3e32e956b,1,0.7824,0,29 21 9
0x16c26eb6051fe13273c634cb6df70a26befa9ec3,1,0.8809,0,48 22 34
0x5bea5bc53ecbbfc459cef95b5855c47748ba3986,1,0.7827,0,46 25 36
0xca6a8aa4a1e3c91a2cd05e2ba0f55a7961fabebd,1,0.6972,0,7 16 27
0x9baac782ea141718437a825704fc61802993c03a,1,0.7598,0,3 16 25
0x1b3e3c78849d80688172bf9ced8c9c2407f988e4,1,0.9411,0,38 82 72
0x37e30fee740928e8db15d3dafd544baab6b87051,1,0.7303,0,25 26 18
0x33bf8bde242216da572d6486d641ae0a18137306,1,1.2888,1,27 34 1
0xa69ea6ab7707c551eeae1d443e179318a9dc73ee,1,0.8207,0,12 11 17
0x7083c1bb9a6d9c73cb9b3c200e992e43ff103462,1,0.6388,0,19 29 16
0xb1faca3ef83134815c3e28899cb132e019eb6616,1,1.1446,0,9 8 2
0x37c81cc9ff71d0f97849a947bf22e8e529b72230,1,0.6141,0,24 22 19
0x5d3eaf54fd59e264945d2309fe2ebfb70c0fac4e,1,0.7718,0,44 1 22
0xbdf4886524751d21ecd80aeaff429651f9491bcc,1,0.8871,0,17 11 8
0xf033f0d9c1bf050babe586fddd94d8928f02ac50,1,0.5497,0,17 2 3
0x36ec53a8fba6358d59b3c4476d82cc60a2b0fad7,1,0.8774,0,7 11 16
0x02d0b53ec925f5c5907eb3dd85bededaa4362564,1,0.8678,0,24 15 4
0x420415645d9062eb6b9168f03bee92f1b3cf296c,1,1.0328,0,5 38 6
0xb0608ca76d2ec6984f652829e887811516e4b846,1,0.8179,0,11 23 24
0x82603fec3241b319ac1a0470f2c08bd90461a355,1,0.7108,0,6 4 10
0xc3cc3230d0c50dc3a3a8cf77f6d6fa0a618bf5d1,1,0.7803,0,7 2 16
0x6c20ef21e604028c649247c581e8e49fda6191ca,1,0.8852,0,7 1 19
0xac82537fae701b2046f62bb718c4857787b0b647,1,0.9366,0,30 46 62
0xa13f038e4a92a2f7b77bf665f4b6487a021a24e0,1,1.1267,0,76 60 44
0xded605e5a25d7e6808d726a52257ac5e65b99475,1,0.9954,0,17 11 2
0x250c5e2cda38b4910c92d0e9f5d5bffa54a3879d,1,0.1867,0,22 8 0
0x8909cc8d294544ca2c956550edbcb59ce4f2a9ad,1,0.4054,0,15 3 41
0x1cea7999fdafe5d156952ebf1816e8aa67a5485e,1,1.1615,0,17 7 5
0x1b76d77499125f2b05779b78a8a642cecdc069ec,1,1.0614,0,7 2 16
0xdccea2e783d873acb4ccfb7dead1004d90ad481d,1,1.1155,0,34 30 23
0xca25f343893dc646a0f753581f1d8589ec34da7d,1,0.9778,0,1 0 8
0xbd7d88cabcd538cdeaa29af2fc5589dbd619b44e,1,0.6634,0,1 8 12
0xfddbfa1b0b93612b95e3296690b63b74d019370c,1,0.9451,0,58 60 59
0x062263af47ffa76f1b4b5c3aa0ef2b62ade436ea,1,-0.4873,0,163 3 0
0x3fcb2d173389b7cd8079ef8b439dbd92e7e0ae28,1,1.2463,0,8 17 0
0x8a04b6a0223af79e4acc0a55c7b166fe0794269a,1,0.6597,0,31 38 39
0xf63bc508c0f5d7b7f9803d3f7f612d8ddbe6cb82,1,-0.1603,0,20 0 19
0xd1dc670608c00e8e6378062b48ef5911b068ae3d,1,0.6714,0,21 15 8
0x9eea7fda3c78cd8c096ae229de8217a94cd1bcfe,1,0.8616,0,59 65 39
0x6f931bac260e7fcbaa0244d3b43a2bd9e9acf698,1,0.2953,0,152 140 166
0x50228d83eeb60f31f6e58a0bd608228e9a17fe03,1,0.9929,0,57 65 24
0xe977419ef28e71ed541ff6318cea9a6392709a48,1,1.2651,1,17 11 4
0x8f0bca6b1b2b522082d46f3eec31340f113b029a,1,1.0593,0,6 16 1
0x0a796062214cf4fc232dd8538a19035ac79a595c,1,0.7283,0,24 80 15
0xad0c88f3313abbce2185597e87a15f764e948a46,1,1.1736,0,4 11 2
0x31f530b58efa42dab4bd1789184b4cc6b884dea0,1,0.7865,0,29 11 31
0xe7a06aab8286cef4206942a4891ee95a40e86466,1,0.9318,0,17 3 48
0x85d642eafb5f15ef54852b57302040ab066ff2c4,1,0.7892,0,3 12 9
0x93574d7c405717d80520944ee1cb72d327b01df5,1,1.0068,0,53 54 10
0x4dad23689bef624af5d1757a56135901c915fcfd,1,0.9340,0,16 3 10
0x89e5124b5162a0ceec512e8ba97cd5e6f065fd13,1,1.0274,0,20 10 14
0x8c966ffddd04dd3169016ea0ec1d55465fb40d37,1,0.3028,0,29 24 17
0xebfce0f5135c0bd67f9fa5b1ae1366a566f659ff,1,0.7995,0,4 13 17
0x7448df6e1031d10e237b1481930a074b13faabd2,1,1.0184,0,12 10 11
0x60e6a89060b325148fe247e9e1c0d090e2764ec2,1,0.7389,0,1 4 12
0x6997726e03707bf08032b8b6da935cae80524bca,1,0.6418,0,12 6 3
0xdc261f7a835c3692e22485ab2d78cbadf3842490,1,0.7966,0,1 9 12
0x49c47caac5a13bd9abcb3aa04ab5dad78c55f1c8,1,0.6353,0,9 1 7
0x63e97cbe96dd87c9ae2375d2c7ee96becccf2143,1,1.2980,1,1 31 5
0x8822f619a9dd64d17caa3f5ca1b257808f7369bd,1,1.4104,1,3 0 9
0x4237a7b1c593011b51d9a369392943e078bd570f,1,0.4198,0,11 1 10
0x984ac2891fbaf6a10038c25cc1ba20e787416cfe,1,0.8158,0,27 33 70
0x7e416acb49c0b0d928bada074bf6597d80740bc2,1,1.0930,0,21 39 26
0xa23e1185c7edd4ead3b916a5da2f1b7bd8628685,1,0.0130,0,28 24 6
0xb6adacf355031c10b4fd70ee7fb4aca88a7c216d,1,0.9706,0,10 5 2
0xcba1e79e47dd511b87dcc69b279953543d453fc5,1,1.0665,0,12 15 16
0x1a8f8122fa84c664ac105607eab99b2e5ae7c11c,1,0.6948,0,24 20 5
0x6d0aef62e321cf1afb74a4a305f380d9f5c34c8a,1,1.0351,0,26 1 28
0x8729abb00a517bba3d615ed13e7c9c55ab311d41,1,0.9120,0,10 1 11
0x0a4a2413d7c604647c7788fd3564b3c54fe06763,1,0.0488,0,22 31 30
0x2b1c266e2a39a7a30aed472fad47d6b6ab953f7e,1,0.9777,0,1 6 10
0x8c9d135ac2778e1a7d326932aad302e7c22c94d7,1,0.9229,0,17 30 8
0x997ad34840281d459251abdf9c90d9a8c6a6e01a,1,0.9430,0,16 23 6
0x1ce4312fdd45c9184a5561314122b2244bd862c9,1,0.9014,0,47 48 49
0x7bc7f83a9a7a55f2e2f7779b2846088e7edcacaa,1,1.0127,0,10 3 5
0x6353940eabe11c7cd78ecc2085ae65cdacc5a92b,1,0.6787,0,24 20 5
0x9e55507a10af47f0a60493e77af432d588b9907b,1,1.1660,0,3 13 20
0xe56303d8ff8c25c240f41d90fcaae1469c5b5f77,1,0.7415,0,22 34 26
0xe145044f7db80f59047eb6ecec9f22e00d119468,1,0.8773,0,13 15 21
0xe37a8a7e0f5d9b0662116d820914fba7b5e4c2f6,1,0.6990,0,17 2 16
0xe40620cd028b53244cdbabcb36dd1a347243872a,1,0.9028,0,10 4 11
0xa3c67d993bf73aa4f17ec03f900c865a4326cd7f,1,0.4365,0,15 5 4
0x4b11d8ca056ca5a4ec3ba5789871fc37d1222395,1,0.5224,0,2 1 0
0xa0c7d4f3fc7f8a46fb58990228d0b82a0354f371,1,1.2804,1,4 0 7
0x303345349da72a28d12d5515f145dd77cb84bacc,1,0.9901,0,9 2 27
0x9bd4d96126b89072de1db15be636d4309a223a18,1,0.9042,0,19 7 12
0x3683ed5a996c11d0eb4d47c9bff077772644ac62,1,0.8770,0,19 16 20
0x7bcac19e6b5ea7d86b3bf5122d4b20010f535bb7,1,0.8494,0,71 23 14
0x7f642b25a930f732f4214f69df0d0d2f647bcc63,1,1.0595,0,6 10 5
0x7b9fed811b80b9f089b5e578a20acfc48aca8b20,1,1.3149,1,2 7 1
0x97b20481241fe3cb9cc9ba50609d377b2506cdaa,1,0.7625,0,0 11 7
0x36bb0e89f241370a01ef4a00df07577d499a94b9,1,0.2787,0,21 8 4
0xa817f694b0e6421bdb56a384c0fb5c50e4f63d19,1,0.1100,0,27 15 1
0x5d3f32f4b2e99fb79d2f6a1cbf3aa7390f8fc751,1,1.2985,1,11 13 56
0x5457bb4430d8b8d1a3708576100aef0e027c5b9b,1,0.7098,0,13 20 22
0xf8e676094628776690dbf83fa31f08aa14fd3fb8,1,0.1775,0,6 16 0
0x8c9d299cc3c2111499416cf4e3677328486cfac2,1,1.4518,1,2 10 12
0xa47879fc57ecd8b52bfe7cf61b9bb41b7ef84efc,1,1.0453,0,11 1 5
0xe858c157deb9912ef7eed94424be3e058bdca529,1,1.0050,0,9 6 0
0x17897c5c38362d8f620e70fee0adba109af5db2d,1,0.9640,0,6 21 39
0x3c924cbbd8ffb34b3da99c1501afb9bb3cf5e4f4,1,1.3364,1,13 9 12
0xbca6294a6c80ee0f20173547b8d85d4948a0cb39,1,0.8110,0,4 35 34
0x2d301d74a8d303da6408cc2dfda319bbeb48c125,1,0.3415,0,9 8 10
0x1c2a263bed6d2b7c6962884c06d2beda9c737a16,1,0.7010,0,1 23 14
0x6d6883ddf4d7e209119faa8042dd311997516134,1,0.4951,0,60 49 77
0xeeb70fd96f6c8838aeffb9d8dc042eab97b1bb09,1,0.9143,0,9 8 0
0x3ea41dc576ccf70706aeece363833a26d9529c38,1,0.8338,0,13 3 1
0x356f1b9ac8dd5b38d3644b3696741355cda0a6e5,1,0.9460,0,48 57 54
0xf9f876a42fcb0d40759790781fdc886449f54008,1,0.8272,0,16 5 12
0x87318b9b7eed24f69907d53eb7727c0a590f3588,1,0.7790,0,20 23 13
0xce9b5ff07f47bacf0811bf0dae6580e4987dc2b7,1,0.5931,0,17 0 10
0xb9b9b6aca1a0cf4ea4eb0ced466d66a62f8eb072,1,0.7448,0,26 24 8
0x4a8d9b64ee9c7e058fe9c8cbf96375b02da006e2,1,1.1683,0,3 6 24
0x52b949fb4678c20873135ce6b3727949432af1d7,1,0.7159,0,15 20 32
0xaa2498d85ba7559006f90110a4bc33c10a06c1af,1,0.8616,0,85 83 87
0x23667058d0cd398ff8d25e015c86322644c7783d,1,0.9838,0,10 20 15
0xaa60f2b7e7cd32cc31620c3a5d10a79e6f2f5cf6,1,0.8732,0,19 11 6
0x69428858906050e78dbed8e65083d47139766b3f,1,0.9354,0,2 13 24
0x3ffc9c4df6b29a0c3bf5a3056d37b68288c79a29,1,0.7559,0,3 9 0
0x5b5039be7a3a8b779d21908f1000e221f3574fa5,1,0.6998,0,10 3 2
0xcac1e876812a36392ac2f58c507e912accc8c1ba,1,0.8092,0,21 12 19
0x96ae446782c99e952f17626826c83bfdce53fae7,1,0.9267,0,11 14 40
0xf158d37c2f42bf388321ac60f1a433c8ed94673b,1,0.7302,0,0 1 2
0x1abc65765fd0df7d997635ebe3027384bcf7923e,1,0.9635,0,18 5 0
0x8374aa52bf36eabca06e33c4163a081f53e39aa3,1,0.8118,0,13 6 2
0x5a50f58ba75e908a4170b04aa7eb05ba00dd4288,1,0.7659,0,5 17 7
0x32ea6b24675349edb6df2896457819289aad180e,1,0.6781,0,2 16 24
0xd9cd7461f960e56364a294f124aac77b25e2b784,1,0.8957,0,9 11 17
0xf203a3b241decafd4bdebbb557070db337d0ad27,1,1.2242,0,24 23 2
0x6fcf42fcd9c6a54b64d1b52083700142952a2805,1,1.1671,0,1 11 6
0xbe11d0d38ef4857224032afc9c96647492f726ce,1,0.8717,0,10 7 9
0xb82bfd79d5a8c0cc0d4c045633288b48a2beddcb,1,0.7437,0,11 4 6
0x3d075995577c0c3c65a466fee47ffb1ba6a41b02,1,0.9534,0,19 32 10
0x9655eb5183e3d373c6db087dd8fc6dae3c5047f1,1,0.8001,0,1 18 8
0x8d4426f94e42f721c7116e81d6688cd935cb3b4f,1,0.8567,0,8 4 7
0xeb71af7cd339832ff8d88d985035b2793042eca8,1,0.3719,0,5 21 6
0xc4625787be3fccff6ac2971945806acc167c8cbd,1,1.1027,0,9 6 2
0x0061fb5485dff4bb85c078dca80d19119224d97e,1,0.2769,0,8 6 11
0x57a3d07e27475aa8f5d306b7bb25aebfd27c4512,1,0.9365,0,11 9 10
0xaff9e40f9b245b15a1d1bb45516ca213e682fa81,1,0.9247,0,23 22 6
0x0f89b38968065a571eeaf34dd6bf2093fb55c20f,1,1.0543,0,34 18 40
0x37761568af636f074595bce8ed20dd5b404ed798,1,0.7675,0,18 11 10
0xb37da5c9179345341fe50d37cfc961ba47c01f9a,1,1.2156,0,1 3 22
0x637336064f49074587a15cfd785d17ed02aebf25,1,0.8726,0,3 10 11
0xf747726200c7fc14ef4ce267b1f070128c2260dd,1,1.1970,0,17 22 14
0x0084515449b037205a33d6d3940a5684126aa4b5,1,1.1230,0,6 7 3
0x07920356975798037f26a934db461c7aafc8aa05,1,0.6715,0,4 13 14
0xd31b1bee0c9f42cb47406d52a796d8a26c5cf802,1,-0.0574,0,22 189 194
0x56ccaa034a0bdb7d3a9515cb580fb5448efb584c,1,1.0040,0,4 11 7
0x9389d53d43c7c174503ed929e6e8bb4e7b351ccb,1,1.1331,0,19 2 5
0xe77a30bc4cf2b2bb9176ce8e4454745a2751e29d,1,0.6669,0,15 18 11
0xbe286e3c51c9f954d8641077fbdd0625025621b7,1,0.2382,0,15 38 13
0xf985aa8117999fa3f0f9e71a20d0fe7b88b9d706,1,0.7791,0,35 12 15
0x181c71726f12ce2514e8b93019eb22645a79f966,1,0.9027,0,15 6 23
0xc9194a772c23a595dfab28e30376f2e16ec39e01,1,1.2387,0,1 7 5
0xac513396ee50091972ee6fc07d120b6ad360b233,1,0.8637,0,1 6 4
0xe350160e3c8a07e92ec58ddcb8df81a73aedc6f9,1,0.8309,0,17 5 14
0x648e163b47a69c06fa4a0904324afe393763b323,1,0.2748,0,22 10 11
0x4fbc4c6c416a84e04b2239202396f378d7af51ee,1,0.8337,0,14 6 2
0x9a4afeaecd8efe2a7186365b55e72503d555713b,1,1.2202,0,3 11 8
0x4684d57d2fe38b7990d6d82760922da0928e4eda,1,0.8470,0,10 7 1
0x7d7f49f628e88413eb736bf059410bbdfecadcd5,1,0.8789,0,13 12 8
0x4622fbe791ab00c6aa0a8cc3184c954fd4cb78f7,1,1.1313,0,32 17 25
0x0cfdc4a2c05b1ff5fce36d1c1982d8666d7a9813,1,0.7959,0,12 22 5
0x4e790c545478029d20816a7212c46adde058d63e,1,0.8755,0,14 23 26
0x3bd330f121c493db91e59d9125968d3df090a66f,1,0.8436,0,31 30 17
0x679c34c26e7841b9fc0ce0ff40579219ee3a1ed6,1,0.6226,0,18 13 4
0x5093c4029acab3aff80140023099f5ec6ca7d52f,1,0.9720,0,9 17 1
0xf605c1c8c1cd6bc3aa6f7383b86226c583ab2775,1,0.8023,0,23 37 19
0x8eead6a5776dce374257bf7d4500cfe3c1e362a6,1,0.9513,0,1 7 0
0x1e0a8374a6c63acaaf4c020cce65c30e855b2b71,1,0.4499,0,2 27 38
0x23397c5d9c6363d67b3a294b677f80f93949bf56,1,0.8786,0,9 20 21
0x5127e8d79160f4cd177f5ac5a1e860acaa59a34b,1,0.8997,0,16 65 6
0x7b66563dd534c3e66fee08c995da9d5e77c883f9,1,0.4437,0,2 1 0
0xf23f9dda63ed0628609272dc0544c7a2f7189f51,1,1.3011,1,14 3 8
0x62ee4a3c690c9660762c52bf1a232365c86c879b,1,1.0893,0,10 1 2
0x3d6b1ce6ba915bf0001b4fc135e98474ef6eeffd,1,0.8519,0,6 17 13
0xb9b848702a47ae78a70d18c45e552ab1637b5908,1,0.9399,0,14 15 4
0x6668bd45b15e2775f03e738ef6257637a9745287,1,0.6156,0,6 1 0
0x5dc8ed6cfe7df7c66744ff4f68c53e6f482875e8,1,0.8411,0,36 10 18
0x33ed22f4b6b05f8a5faac4701550d52286bd735a,1,0.0983,0,12 34 3
0x70bada9afadf5fdef08ca8e5db1169c039707580,1,-0.7963,0,1 5 9
0x6e59a921a269878313129d9c7c7db1718cb0707b,1,0.5459,0,34 37 9
0x58192c8ad63863043f7aab263733999bb572b458,1,1.2947,1,8 6 2
0x1d1db7271513363097fdc84ed078356329c799e7,1,0.8781,0,9 2 1
0xd582cec308d9320b2ec3dc2868b56549fc8ace5a,1,0.7841,0,9 2 6
0xc4ce40af23a0619119e7f59730131c22650d5d11,1,0.8714,0,8 1 14
0x9fe0627303fe40f1631231b4dd016d30c13eafc7,1,0.9898,0,15 9 4
0x34743ffa1f93e745668725e44efeb3c50a237796,1,1.1977,0,6 5 16
0x61cbef9db89e5d397bdde7ff9095bede35d4eeb5,1,0.8825,0,26 22 24
0xc1e6720f94a8d73e77a94d16fb76f7dd6edff54c,1,0.7327,0,26 31 28
0xaab92ead3017703f7f9f3f7ff71f623cd7a8d164,1,1.1603,0,6 8 3
0x64c940690a3660e68d93d8c6412d900bdd3e11e5,1,0.8360,0,6 21 10
0x71481c3ac7853ef63c87f0e9f91b6a5e16e04438,1,0.8040,0,27 19 16
0xb5eb9d18c0413535baf1fa8bd8bf8f6ea7fea47a,1,0.9419,0,10 16 13
0xe7d01fbc6768aad1c757f5295c7f50f560fafcf7,1,0.3880,0,31 55 22
0xcc142242732fe26613537d3cbde1a1d9a8bf535a,1,0.2813,0,37 36 13
0xc4bd211e5b92235e6426113cd735b74bc4335d08,1,0.5478,0,37 22 11
0xa2280ddc79183a0de9d3d90c63c0e7646874d9e0,1,0.9261,0,10 3 4
0x9e91ea0c442dd2b41cc7fe2d54faecd34f59c134,1,0.8016,0,8 15 27
0x54a508ff8da468cbdbe9a68550ec5ef745c08126,1,0.8980,0,5 9 15
0x9558beca8790cbc465d466fd0a96583dc64cf1e8,1,0.2397,0,107 108 34
0x4bf3e4d2378a1256cbe1cd1c2a8bc9857b811282,1,-0.7287,0,4 2 8
0x6dcbe06db7d7e56941c92b5cd9ea8dad65d4417c,1,0.6377,0,18 10 4
0x316b3b83c33b20249b61ded124f2620d8e823793,1,1.0623,0,5 8 9
0xedc0c49946b93aa296a11298480ae7913bb65222,1,0.9359,0,23 9 20
0x4686869e7b3c5fbdd35e399c2fc3e652647c2771,1,0.6919,0,13 6 3
0xa9723e26b6853c343a5fafc5a86e7d664c727fcd,1,0.9676,0,2 23 20
0x1efd1b1ee8174b5421786ef0127ea45076307d8d,1,1.2437,0,14 10 9
0x3aa65f17cde339df49afd2f88b3c8495842d5fb0,1,1.0902,0,7 5 10
0xaba9897c9422b1c30733169d3da7ff83d7f23044,1,1.1023,0,2 14 11
0x777c6ad16b303639489a38b369e423aa2c491884,1,0.9273,0,3 1 2
0x8a46aa04725b2e2029bdcb924d671fd6a9c11dab,1,1.3474,1,23 21 5
0xbc492382aa0586f08cdb2e0ba88c1048f1e7b44e,1,1.1802,0,10 5 8
0x88436c2a2f427f2aa641dfd8c6763facf2bad7bf,1,0.7494,0,9 13 8
0xf5c86c5ba5291da78a2b4119dd7aef99e3508362,1,0.9247,0,3 4 2
0x7c14369f68d7812c105a597beb13ff8da64520c5,1,1.2141,0,5 12 4
0x224b9f4666472682f3e805f4dc1e0fc39b7b96fb,1,0.9561,0,4 14 2
0x962b55decacd69b74d83a1738b1e42c1e834a029,1,0.7942,0,6 12 10
0xda7a139e03fe696b760af98f9df89466077bc12e,1,1.0244,0,6 11 1
0xdf9191889649c442836ef55de5036a7b694115b6,1,0.6035,0,14 28 29
0xa6dd705dd6c7a7f4be7b68843b5a1995e60e30cf,1,0.5056,0,24 26 23
0x049b01966f721db6ec76097043e9d6eccaf719b6,1,1.1056,0,24 23 12
0x6af114154a8850b1c54d48bd9103bdcdb420611b,1,0.9317,0,6 3 15
0x89cbf1f6799bff1263f0a806a4f585a9d8168cfd,1,-0.5066,0,123 0 1
0x368be389ce940bf17c3296344086e368bc4c60f3,1,0.7224,0,12 15 14
0xa4fe2874a4ad464a50cb72a8c0b1a6ab221a7c17,1,0.8844,0,2 32 19
0x548ac87629ceb858aa09b419f5b9898ec5735fba,1,0.3721,0,15 2 1
0xee565e611d47f28787a3e1561f43450d24378a22,1,0.8032,0,8 10 2
0x7098c7113c2ecaf48baad07e598c74c2689a5795,1,1.0032,0,3 19 1
0x2e3fd2b400a269f7a0b1aaf448ef02679cd557e9,1,0.8402,0,0 8 1
0x216dc48f74bacc2a1ae7c064fd22cb542a70088e,1,0.9486,0,10 7 6
0xfa9980a7240ea1beb0b5ce58c0744fcd67f06104,1,1.0015,0,14 18 0
0xba19bc896d5d8962d4d729d23253f2ab95633142,1,-0.3014,0,82 21 1
0xadc7f7d0c48cc91bab52c0c40f83722531d863bd,1,0.8499,0,19 13 9
0x84d2a64cf2c0b1b4a65925dc0b1a20f42fe6104f,1,0.8059,0,65 61 58
0x72335af49648e35a0f885c3915e9ac8198c50054,1,0.8809,0,10 28 5
0xaf8185ffff6a3508fc5498a5165bf64de0b0a1e5,1,0.4865,0,31 5 10
0x3bf351a62df57dce8512b136daa4cd6ebe2dda91,1,0.8635,0,22 31 34
0x043375ebc36fff7a4fcef1359f3c89afddf56e08,1,1.0720,0,25 11 19
0x34b4da7b89f7d7055f8d42fa297b70963b4008df,1,0.9597,0,23 22 6
0xe0b13c073e8173b06062c69a160ebb54e2af86c3,1,0.9998,0,37 12 9
0x14258a5ddcad7001e8ac89b539df7e0f08a34500,1,0.8093,0,4 1 8
0x0d202934db48341adfe26812a1d8731383b065b3,1,0.2492,0,13 10 6
0x95ffcdf36129e5e256190609cd97841d03e52356,1,0.5116,0,21 6 5
0x3eadb407f81d62d27f63a8881805b1735f70e692,1,1.0181,0,4 11 16
0xf7355cb5278fc4be2f53ce373f7cd9b543d042a1,1,0.7099,0,19 28 18
0x28a3c742a8e7fc2d2d5d4299331648d8084fc8ba,1,1.5394,1,3 16 17
0x4899f3371fb9f8e68a0b639bf1fd75220a089c42,1,1.1584,0,19 11 14
0x9849424a2f3516b70b56d70330c45c25dccb2c02,1,0.6343,0,17 9 1
0x679a8cf6e181ebbcd9d14d0bd9595d8cfb79ecdf,1,0.8103,0,26 8 74
0x82dab2b5f2416cc61176c1e03bfd4afff52dcdc1,1,0.5461,0,17 2 16
0x0967c50bfec4dba06e28e8fdbcfd15a23474fab4,1,0.9120,0,7 11 12
0x24aa18952e80707dad3ab4c9c97e787f2af337ca,1,0.5364,0,11 17 2
0xceebb2d0cdc85e9774a232bab74c45fc883c15e4,1,0.9567,0,8 22 12
0x52bef206e8e0403cd60d37e48f4f3860d9545556,1,0.9544,0,12 8 9
0x8408263f4f0691db34bd7666b5af61e19cb91b91,1,0.7953,0,13 6 12
0xa42892745f9e07d9b92cb188a380b252a332823b,1,1.2884,1,8 25 9
0xc0095047d767857bb40cc77ef54569d4124984c3,1,0.7431,0,9 0 8
0xa6446b93ac63b1b4601abe921fcfa2103a60219b,1,0.8223,0,35 18 20
0xa125929ba78213a27d8695b276f55d6aba567b01,1,0.4465,0,40 6 14
0xb64f875daa42173ccac0b01e502695b61a1a9a64,1,1.2345,0,5 10 11
0x297a88c749273f2de6a378a6015dd624d993c671,1,0.8767,0,6 14 13
0x37a8c55f6860e19f353686f5dd9c603adb8448b6,1,0.9636,0,14 11 21
0x6896cf29fffc1736192fa41b4adfee42f7663db5,1,1.0707,0,26 4 15
0x5f58fe612db5b3e97faf4a2e8f38b4ae295288aa,1,1.0905,0,8 4 10
0x52005b77fbebf53cfd9527a388f58d0431aaaa3e,1,0.8860,0,1 21 8
0x4496370b4f0993152f761bd3b3d1dd4e7b1b3139,1,0.7054,0,8 2 4
0xa61a87497e6553e3b1cf66c8b02fa392a0eff1e3,1,1.3256,1,10 9 14
0xaa90ae1b969bc96e82c80e834b5f739e335b7e47,1,1.1653,0,4 16 5
0x91459992bcbf089851abffa033559c2eef120469,1,0.7829,0,27 39 37
0xdf390bcb82f2f574b690f649da6019db64b86ca2,1,0.7238,0,2 3 8
0xb29a0b9b4d32c9cd39c02d0f19a6a8bbb3047ceb,1,1.1369,0,5 6 1
0x903dc47aa7c40f9f59ef1e5c167ce1a9b39a2bff,1,0.1694,0,22 17 23
0x46cbc3c3710dc4a632842e155f18f30d4ab38aac,1,1.0681,0,8 15 1
0x19bfd8a539ca899983b30e1d1c3370ac03d6b7ab,1,1.0720,0,10 7 31
0x51d3ce5237b0aacb14ea4ddd1093b10afc69d40a,1,0.9082,0,2 9 0
0xf487d016b2ea5bebdeea03fa12adcab51237bc25,1,0.4820,0,25 16 10
0xb6ecd180f5cbb9167147394841d31f94eff77dbf,1,1.1204,0,5 15 18
0x8e1701e9509250d808eeca648feb1b8d7eed0704,1,-0.3569,0,67 68 63
0x92cd726ce03ceaa4bf7198ce9c52d05d63cee575,1,1.5177,1,8 10 3
0xb9cee6fa32eb4d0c8f30e3cd335b72461bd9126e,1,0.6989,0,20 12 7
0xf12d3f5d38c2408da3122cee1432e89c16522b3b,1,0.9055,0,4 3 9
0x2779554418f66834a811f2beabb0151474b9c67d,1,0.6114,0,7 5 4
0xcc7ecc050aab5843c79f14933e207f032bc16b78,1,-0.0926,0,32 35 33
0xa23203c466a57649b83687a3d9129d3ec427c50a,1,0.8128,0,11 3 8
0xcaa5854034d7eda409e2479c6c0351c167e21a08,1,0.9882,0,19 7 16
0xe03c6fdd69e268a00cc93fa282fb3ce82afc8b12,1,0.8354,0,12 1 3
0x81fbb23ce259d141339e49ece91599ed97cc8b49,1,-0.3205,0,87 88 89
0x8715e3e9cbe013bf54de58431a078a650b2ece1a,1,1.0504,0,5 11 14
0x484f46f9dd32a0147126f07da4be61efc26ef42a,1,1.1342,0,14 18 9
0xf3ae45d5a0b8efb41444101267b56e6795051fac,1,0.6350,0,5 18 6
0x17a5a3fab6a22378756ef364f495032fb634eff8,1,0.7665,0,11 1 5
0x15b4e32d5026a5a9ad3b68becadceb00b4eb9729,1,0.9973,0,3 9 6
0x8781ebb17371d0c530285433308c02b81b895dae,1,0.8954,0,6 21 4
0x0d4f74c538613ed6e6c8c1bc8896ecfd45f5ef23,1,0.0006,0,191 189 181
0xc15ffcceb80e34a780a46795dbd126e2d65c4460,1,0.8178,0,19 3 6
0x4bde78ead56a30055d33bf84f52e420b0f6070ba,1,0.7414,0,8 2 1
0xdf3e77cd5e563f93fc7eca905d3302e95f9bb150,1,0.9434,0,7 15 0
0x8b7399097f741a60a734d66030782d79776c8a0e,1,0.0922,0,18 14 9
0x304d66005b5ad49f7ce54aceba9bbadb4a5774db,1,0.7534,0,11 12 1
0xf4c87c851d772b0f9e72cca0690327f2bc505015,1,0.3840,0,19 11 5
0x74a01390635d8d4016827fa3afb1a0f6c33ed8d8,1,1.3386,1,9 10 6
0x0c8b740e3377f2be7a108aeba6a2f660588c728d,1,0.9286,0,64 78 49
0xb3944101efe4164981bba21e0d3725f1fae1bea9,1,0.8401,0,37 25 35
0x7a16a0fd441a7591f2456c3cda068e33c6bbaa96,1,0.9051,0,5 20 13
0xdd0940c356ebe5bb23039bbf6c83f33c7d510dc9,1,0.9205,0,13 6 10
0x62c71581708dd73b10e7aa2249778aee016ebf0e,1,0.6736,0,22 2 13
0x1754cebea65afe5cfe90ee7d393adce1568d2ba4,1,1.1300,0,10 9 1
0xa8a6497978c264d7ce268d826a834c1d7134d914,1,0.6493,0,5 6 3
0xd787e430cf92d42fa28b7643e41ea1d871a19fff,1,1.0529,0,2 10 7
0x76524f023c42cb4018d24b8097959b2ecf8fa8ea,1,0.9642,0,5 9 4
0x5c06bf92669ea4a11b808e65abe65b7c7302e0b9,1,1.1731,0,0 2 4
0x80d7bb18521acbef32d7906502ebe94928690e93,1,0.3280,0,6 4 14
0xe8f3d069db0d50e31181cf660f45b7976c0fbc5f,1,0.7442,0,95 73 24
0x67dfa651e7aba5ef524920d2d69302ca204be633,1,0.9861,0,18 14 0
0xbe2c434c49959ec0b6bb4885e63ff9977c009298,1,1.0747,0,2 7 3
0x87b4eed5a781d8b847645082410070f002b41e13,1,0.4126,0,17 16 0
0xc446919fc6a76f5bfe847dfcbe074648d038230a,1,1.1676,0,11 8 10
0xf11f53674c211d42449aae57cabaf955a6fed8f1,1,0.7581,0,8 1 4
0x86035a913989d8d2bb631c0bd7657983666168d8,1,1.0179,0,2 18 6
0xa7ce02b8195fe8e3116a7e1248f2725eaac86fec,1,0.9902,0,14 11 13
0xad2e834840954231b924b51bfb92c7f457ca30d9,1,0.7664,0,15 26 29
0x83ec306df6bee5320cf6a57a52ff732791c65b47,1,0.6065,0,10 5 13
0xc1f9c01602043fcef642cc8601bda13ca29b7a9c,1,0.5773,0,6 11 15
0xe6eb070bcef81fd12a198ba03fe393e9ee4cb671,1,0.8024,0,7 3 10
0x319ce3233d17b45d49aaa9414f154832d0f9aa61,1,0.5686,0,9 2 13
0xd123c0b9c52af99421765bf129cee22fec0c66be,1,0.9768,0,5 0 7
0x48ec7767d5def1c1520402b092356e070c5f1adc,1,0.8057,0,11 28 4
0xe2dab81efe425bdd0a64e9c69393f0243d7d672f,1,1.2831,1,3 10 9
0xfb03e59c83b984da0f6a5575b955541af28ccc65,1,0.4662,0,10 11 9
0x9b398c9d1b4516b9c3ccbc4c6b6350702ed58c4d,1,0.8655,0,27 30 24
0xdb850d7dc1ade8ec00ce4269e732d3aa44286f73,1,0.8116,0,11 4 10
0x34bb6cf517abb83bfd8bc4e41ed899810ac49b58,1,0.7567,0,2 12 1
0x246383881c671c26736861628739f7b8ca85afbc,1,-0.3848,0,0 4 3
0x95c5db5bd9a0260fc457af4f6fc6de7819d9b1a6,1,0.9885,0,9 5 12
0xa525dd7a8034babf46f3f6e253035fb2bcf358b7,1,1.0472,0,15 7 13
0x8e3f2d9bbd1759e13ebd96d95cef2fe468009e6c,1,0.9198,0,9 3 2
0x754a7657092fd2862338ff06ce02cfc389d49e21,1,0.7867,0,15 5 1
0x81c01024deaad32b015707f6f3ac948e88463204,1,1.0003,0,9 3 5
0x28ccdb023ccf37041d851a9483db55f6c105f507,1,0.8262,0,6 16 14
0xef35af4a5037a1e416514f1f016550cf7c865ffc,1,0.8760,0,9 1 7
0x0c6a415effaa3a2310c0db718090f4c5fd633982,1,0.8146,0,9 1 8
0x73c9b03b1dadea685f34b17ddafbc11bd6327b6d,1,0.7044,0,12 16 15
0x87c348573f02768a97afb57aac3bb6877a353ae9,1,1.1265,0,7 3 12
0xb2172027cb233198a3945a2c864f1ec5b7e3b3da,1,0.9856,0,9 5 10
0xf02ed2e4045e024d04e032e9f609d41795a69c1d,1,0.7816,0,6 12 11
0x4a951caf189f3d3581436b438d53c8f867b257a2,1,0.8416,0,8 18 2
0x995e8e4f271b1b549ac074d26d8b9b5307fe9fa5,1,-0.6066,0,24 15 3
0x2a6c7867e605d0f0f940cec1669d98a33cf4c299,1,0.9937,0,10 8 6
0xcdc4fca67ecb386458d4ba8a4fb8b726d2af5ce6,1,0.7993,0,9 6 2
0x9844f5c5f9aa7146a74ffc7b9227742acfa71dea,1,0.8199,0,8 5 7
0x1c16b965c7960fea0bd7e8629885cbe162223f2e,1,1.0067,0,3 10 9
0x6d64486a5c99139b53239297e0b653d196d05777,1,1.0756,0,1 11 12
0xd3ddae456004ed85639a39a9751192e80a967ed4,1,0.4138,0,20 21 18
0x52c9dfd68c67aafc9e3e615fb38824b17def6432,1,0.9725,0,3 2 5
0x68aacf41fa22ecd5ca0bb102da46b0f503e2e168,1,0.6845,0,11 5 9
0xd28232ccc22eb037394dc71a6a4274260a965920,1,0.7561,0,9 3 12
0x620d392d06df0a0182c828fac30d27b0782830d1,1,0.5985,0,0 11 12
0x3f2cf669c657316985b01b1b797cb259c97d6551,1,1.0578,0,11 1 4
0x8b3b831d767fad1ab0ad52a38777acb98630f8a7,1,0.8949,0,8 2 9
0xc2605dc15d3ece4ea7a160c615fbb229c88efca7,1,1.2496,0,2 8 3
0x078c2b3b09528fd7b80c9ee715f378d382f9139b,1,1.0935,0,8 10 5
0x85234c92d4dddf239df9c76497a6516fdf546577,1,0.9165,0,1 9 0
0x00de6bb8c4c4072aa4eb8d7e04d76a00d4621428,1,-0.1335,0,5 0 4
0x79aa79116c24a715b5eb1287af8a16201450c895,1,-0.0294,0,14 15 17
0x084233ce80e122ebe70ceb5cc1e3ff5a54a5b935,1,1.1298,0,9 14 15
0x536de519a2ab6fd0cc8055e5119b3c2a8dd2464b,1,-0.5228,0,9 0 1
0x8da06780f2914061e356044268edbf16473bf742,1,-0.3963,0,7 0 1
0x256b6711f4fab3c18df208f3eb7b87384fa13acd,1,0.5513,0,18 11 10
